2026-08-13 17:11:05 [main] INFO  n.e.journalApp.JournalApplication - Starting JournalApplication using Java 25.0.1 on Ezio with PID 2440 (D:\Playground\Engineering Digest\SpringBoot\InitialAuthBasedJournal\journalApp\target\classes started by afaqa in D:\Playground\Engineering Digest\SpringBoot\InitialAuthBasedJournal)
2026-08-13 17:11:05 [main] INFO  n.e.journalApp.JournalApplication - The following 1 profile is active: "dev"
2026-08-13 17:11:05 [main] INFO  o.s.d.r.c.RepositoryConfigurationDelegate - Bootstrapping Spring Data MongoDB repositories in DEFAULT mode.
2026-08-13 17:11:05 [main] INFO  o.s.d.r.c.RepositoryConfigurationDelegate - Finished Spring Data repository scanning in 20 ms. Found 2 MongoDB repository interfaces.
2026-08-13 17:11:06 [main] INFO  o.s.b.w.e.tomcat.TomcatWebServer - Tomcat initialized with port(s): 8080 (http)
2026-08-13 17:11:06 [main] INFO  o.a.coyote.http11.Http11NioProtocol - Initializing ProtocolHandler ["http-nio-8080"]
2026-08-13 17:11:06 [main] INFO  o.a.catalina.core.StandardService - Starting service [Tomcat]
2026-08-13 17:11:06 [main] INFO  o.a.catalina.core.StandardEngine - Starting Servlet engine: [Apache Tomcat/9.0.80]
2026-08-13 17:11:06 [main] INFO  o.a.c.c.C.[.[localhost].[/journal] - Initializing Spring embedded WebApplicationContext
2026-08-13 17:11:06 [main] INFO  o.s.b.w.s.c.ServletWebServerApplicationContext - Root WebApplicationContext: initialization completed in 598 ms
2026-08-13 17:11:06 [main] INFO  org.mongodb.driver.client - MongoClient with metadata {"driver": {"name": "mongo-java-driver|sync|spring-boot", "version": "4.6.1"}, "os": {"type": "Windows", "name": "Windows 11", "architecture": "amd64", "version": "10.0"}, "platform": "Java/Oracle Corporation/25.0.1+8-27", "application": {"name": "Cluster0"}} created with settings MongoClientSettings{readPreference=primary, writeConcern=WriteConcern{w=null, wTimeout=null ms, journal=null}, retryWrites=true, retryReads=true, readConcern=ReadConcern{level=null}, credential=MongoCredential{mechanism=null, userName='afaqalam323_db_user', source='admin', password=<hidden>, mechanismProperties=<hidden>}, streamFactoryFactory=null, commandListeners=[], codecRegistry=ProvidersCodecRegistry{codecProviders=[ValueCodecProvider{}, BsonValueCodecProvider{}, DBRefCodecProvider{}, DBObjectCodecProvider{}, DocumentCodecProvider{}, IterableCodecProvider{}, MapCodecProvider{}, GeoJsonCodecProvider{}, GridFSFileCodecProvider{}, Jsr310CodecProvider{}, JsonObjectCodecProvider{}, BsonCodecProvider{}, EnumCodecProvider{}, com.mongodb.Jep395RecordCodecProvider@497b560e]}, clusterSettings={hosts=[127.0.0.1:27017], srvHost=cluster0.vzemmp8.mongodb.net, srvServiceName=mongodb, mode=MULTIPLE, requiredClusterType=REPLICA_SET, requiredReplicaSetName='atlas-qapv5b-shard-0', serverSelector='null', clusterListeners='[]', serverSelectionTimeout='30000 ms', localThreshold='30000 ms'}, socketSettings=SocketSettings{connectTimeoutMS=10000, readTimeoutMS=0, receiveBufferSize=0, sendBufferSize=0}, heartbeatSocketSettings=SocketSettings{connectTimeoutMS=10000, readTimeoutMS=10000, receiveBufferSize=0, sendBufferSize=0}, connectionPoolSettings=ConnectionPoolSettings{maxSize=100, minSize=0, maxWaitTimeMS=120000, maxConnectionLifeTimeMS=0, maxConnectionIdleTimeMS=0, maintenanceInitialDelayMS=0, maintenanceFrequencyMS=60000, connectionPoolListeners=[], maxConnecting=2}, serverSettings=ServerSettings{heartbeatFrequencyMS=10000, minHeartbeatFrequencyMS=500, serverListeners='[]', serverMonitorListeners='[]'}, sslSettings=SslSettings{enabled=true, invalidHostNameAllowed=false, context=null}, applicationName='Cluster0', compressorList=[], uuidRepresentation=JAVA_LEGACY, serverApi=null, autoEncryptionSettings=null, contextProvider=null}
2026-08-13 17:11:06 [cluster-ClusterId{value='6a7dad52500fec6a065d3b95', description='null'}-srv-cluster0.vzemmp8.mongodb.net] INFO  org.mongodb.driver.cluster - Adding discovered server ac-itx4z4c-shard-00-00.vzemmp8.mongodb.net:27017 to client view of cluster
2026-08-13 17:11:06 [cluster-ClusterId{value='6a7dad52500fec6a065d3b95', description='null'}-srv-cluster0.vzemmp8.mongodb.net] INFO  org.mongodb.driver.cluster - Adding discovered server ac-itx4z4c-shard-00-02.vzemmp8.mongodb.net:27017 to client view of cluster
2026-08-13 17:11:06 [cluster-ClusterId{value='6a7dad52500fec6a065d3b95', description='null'}-srv-cluster0.vzemmp8.mongodb.net] INFO  org.mongodb.driver.cluster - Adding discovered server ac-itx4z4c-shard-00-01.vzemmp8.mongodb.net:27017 to client view of cluster
2026-08-13 17:11:06 [main] INFO  org.mongodb.driver.cluster - No server chosen by com.mongodb.client.internal.MongoClientDelegate$1@648c5fb3 from cluster description ClusterDescription{type=REPLICA_SET, connectionMode=MULTIPLE, serverDescriptions=[ServerDescription{address=ac-itx4z4c-shard-00-00.vzemmp8.mongodb.net:27017, type=UNKNOWN, state=CONNECTING}, ServerDescription{address=ac-itx4z4c-shard-00-01.vzemmp8.mongodb.net:27017, type=UNKNOWN, state=CONNECTING}, ServerDescription{address=ac-itx4z4c-shard-00-02.vzemmp8.mongodb.net:27017, type=UNKNOWN, state=CONNECTING}]}. Waiting for 30000 ms before timing out
2026-08-13 17:11:06 [cluster-ClusterId{value='6a7dad52500fec6a065d3b95', description='null'}-ac-itx4z4c-shard-00-01.vzemmp8.mongodb.net:27017] INFO  org.mongodb.driver.connection - Opened connection [connectionId{localValue:2, serverValue:94907}] to ac-itx4z4c-shard-00-01.vzemmp8.mongodb.net:27017
2026-08-13 17:11:06 [cluster-rtt-ClusterId{value='6a7dad52500fec6a065d3b95', description='null'}-ac-itx4z4c-shard-00-01.vzemmp8.mongodb.net:27017] INFO  org.mongodb.driver.connection - Opened connection [connectionId{localValue:3, serverValue:94905}] to ac-itx4z4c-shard-00-01.vzemmp8.mongodb.net:27017
2026-08-13 17:11:06 [cluster-ClusterId{value='6a7dad52500fec6a065d3b95', description='null'}-ac-itx4z4c-shard-00-00.vzemmp8.mongodb.net:27017] INFO  org.mongodb.driver.connection - Opened connection [connectionId{localValue:1, serverValue:96749}] to ac-itx4z4c-shard-00-00.vzemmp8.mongodb.net:27017
2026-08-13 17:11:06 [cluster-ClusterId{value='6a7dad52500fec6a065d3b95', description='null'}-ac-itx4z4c-shard-00-02.vzemmp8.mongodb.net:27017] INFO  org.mongodb.driver.connection - Opened connection [connectionId{localValue:5, serverValue:100844}] to ac-itx4z4c-shard-00-02.vzemmp8.mongodb.net:27017
2026-08-13 17:11:06 [cluster-rtt-ClusterId{value='6a7dad52500fec6a065d3b95', description='null'}-ac-itx4z4c-shard-00-00.vzemmp8.mongodb.net:27017] INFO  org.mongodb.driver.connection - Opened connection [connectionId{localValue:4, serverValue:96749}] to ac-itx4z4c-shard-00-00.vzemmp8.mongodb.net:27017
2026-08-13 17:11:06 [cluster-rtt-ClusterId{value='6a7dad52500fec6a065d3b95', description='null'}-ac-itx4z4c-shard-00-02.vzemmp8.mongodb.net:27017] INFO  org.mongodb.driver.connection - Opened connection [connectionId{localValue:6, serverValue:100844}] to ac-itx4z4c-shard-00-02.vzemmp8.mongodb.net:27017
2026-08-13 17:11:06 [cluster-ClusterId{value='6a7dad52500fec6a065d3b95', description='null'}-ac-itx4z4c-shard-00-02.vzemmp8.mongodb.net:27017] INFO  org.mongodb.driver.cluster - Monitor thread successfully connected to server with description ServerDescription{address=ac-itx4z4c-shard-00-02.vzemmp8.mongodb.net:27017, type=REPLICA_SET_PRIMARY, state=CONNECTED, ok=true, minWireVersion=0, maxWireVersion=25, maxDocumentSize=16777216, logicalSessionTimeoutMinutes=30, roundTripTimeNanos=186363800, setName='atlas-qapv5b-shard-0', canonicalAddress=ac-itx4z4c-shard-00-02.vzemmp8.mongodb.net:27017, hosts=[ac-itx4z4c-shard-00-02.vzemmp8.mongodb.net:27017, ac-itx4z4c-shard-00-00.vzemmp8.mongodb.net:27017, ac-itx4z4c-shard-00-01.vzemmp8.mongodb.net:27017], passives=[], arbiters=[], primary='ac-itx4z4c-shard-00-02.vzemmp8.mongodb.net:27017', tagSet=TagSet{[Tag{name='availabilityZone', value='aps1-az2'}, Tag{name='cacheState', value='READY'}, Tag{name='diskState', value='READY'}, Tag{name='nodeType', value='ELECTABLE'}, Tag{name='provider', value='AWS'}, Tag{name='region', value='AP_SOUTH_1'}, Tag{name='workloadType', value='OPERATIONAL'}]}, electionId=7fffffff000000000000029f, setVersion=244, topologyVersion=TopologyVersion{processId=6a7a32f61f3e2c2ad063f6a0, counter=11}, lastWriteDate=Thu Aug 13 17:11:06 IST 2026, lastUpdateTimeNanos=14948804492800}
2026-08-13 17:11:06 [cluster-ClusterId{value='6a7dad52500fec6a065d3b95', description='null'}-ac-itx4z4c-shard-00-00.vzemmp8.mongodb.net:27017] INFO  org.mongodb.driver.cluster - Monitor thread successfully connected to server with description ServerDescription{address=ac-itx4z4c-shard-00-00.vzemmp8.mongodb.net:27017, type=REPLICA_SET_SECONDARY, state=CONNECTED, ok=true, minWireVersion=0, maxWireVersion=25, maxDocumentSize=16777216, logicalSessionTimeoutMinutes=30, roundTripTimeNanos=185827800, setName='atlas-qapv5b-shard-0', canonicalAddress=ac-itx4z4c-shard-00-00.vzemmp8.mongodb.net:27017, hosts=[ac-itx4z4c-shard-00-02.vzemmp8.mongodb.net:27017, ac-itx4z4c-shard-00-00.vzemmp8.mongodb.net:27017, ac-itx4z4c-shard-00-01.vzemmp8.mongodb.net:27017], passives=[], arbiters=[], primary='ac-itx4z4c-shard-00-02.vzemmp8.mongodb.net:27017', tagSet=TagSet{[Tag{name='availabilityZone', value='aps1-az1'}, Tag{name='cacheState', value='READY'}, Tag{name='diskState', value='READY'}, Tag{name='nodeType', value='ELECTABLE'}, Tag{name='provider', value='AWS'}, Tag{name='region', value='AP_SOUTH_1'}, Tag{name='workloadType', value='OPERATIONAL'}]}, electionId=null, setVersion=244, topologyVersion=TopologyVersion{processId=6a7a3015ffb494b6ac6cc523, counter=15}, lastWriteDate=Thu Aug 13 17:11:06 IST 2026, lastUpdateTimeNanos=14948804546200}
2026-08-13 17:11:06 [cluster-ClusterId{value='6a7dad52500fec6a065d3b95', description='null'}-ac-itx4z4c-shard-00-01.vzemmp8.mongodb.net:27017] INFO  org.mongodb.driver.cluster - Monitor thread successfully connected to server with description ServerDescription{address=ac-itx4z4c-shard-00-01.vzemmp8.mongodb.net:27017, type=REPLICA_SET_SECONDARY, state=CONNECTED, ok=true, minWireVersion=0, maxWireVersion=25, maxDocumentSize=16777216, logicalSessionTimeoutMinutes=30, roundTripTimeNanos=185748400, setName='atlas-qapv5b-shard-0', canonicalAddress=ac-itx4z4c-shard-00-01.vzemmp8.mongodb.net:27017, hosts=[ac-itx4z4c-shard-00-02.vzemmp8.mongodb.net:27017, ac-itx4z4c-shard-00-00.vzemmp8.mongodb.net:27017, ac-itx4z4c-shard-00-01.vzemmp8.mongodb.net:27017], passives=[], arbiters=[], primary='ac-itx4z4c-shard-00-02.vzemmp8.mongodb.net:27017', tagSet=TagSet{[Tag{name='availabilityZone', value='aps1-az3'}, Tag{name='cacheState', value='READY'}, Tag{name='diskState', value='READY'}, Tag{name='nodeType', value='ELECTABLE'}, Tag{name='provider', value='AWS'}, Tag{name='region', value='AP_SOUTH_1'}, Tag{name='workloadType', value='OPERATIONAL'}]}, electionId=null, setVersion=244, topologyVersion=TopologyVersion{processId=6a7a3594533da2db865c91b2, counter=5}, lastWriteDate=Thu Aug 13 17:11:06 IST 2026, lastUpdateTimeNanos=14948804402700}
2026-08-13 17:11:06 [cluster-ClusterId{value='6a7dad52500fec6a065d3b95', description='null'}-ac-itx4z4c-shard-00-02.vzemmp8.mongodb.net:27017] INFO  org.mongodb.driver.cluster - Setting max election id to 7fffffff000000000000029f from replica set primary ac-itx4z4c-shard-00-02.vzemmp8.mongodb.net:27017
2026-08-13 17:11:06 [cluster-ClusterId{value='6a7dad52500fec6a065d3b95', description='null'}-ac-itx4z4c-shard-00-02.vzemmp8.mongodb.net:27017] INFO  org.mongodb.driver.cluster - Setting max set version to 244 from replica set primary ac-itx4z4c-shard-00-02.vzemmp8.mongodb.net:27017
2026-08-13 17:11:06 [cluster-ClusterId{value='6a7dad52500fec6a065d3b95', description='null'}-ac-itx4z4c-shard-00-02.vzemmp8.mongodb.net:27017] INFO  org.mongodb.driver.cluster - Discovered replica set primary ac-itx4z4c-shard-00-02.vzemmp8.mongodb.net:27017
2026-08-13 17:11:06 [main] INFO  org.mongodb.driver.connection - Opened connection [connectionId{localValue:7, serverValue:100749}] to ac-itx4z4c-shard-00-02.vzemmp8.mongodb.net:27017
2026-08-13 17:11:07 [main] INFO  o.s.s.web.DefaultSecurityFilterChain - Will secure any request with [org.springframework.security.web.session.DisableEncodeUrlFilter@7d484fcd, org.springframework.security.web.context.request.async.WebAsyncManagerIntegrationFilter@788e3702, org.springframework.security.web.context.SecurityContextPersistenceFilter@723742b2, org.springframework.security.web.header.HeaderWriterFilter@7bd38fed, org.springframework.security.web.authentication.logout.LogoutFilter@755a7218, org.springframework.security.web.authentication.www.BasicAuthenticationFilter@2ce524d2, org.springframework.security.web.savedrequest.RequestCacheAwareFilter@34c76167, org.springframework.security.web.servletapi.SecurityContextHolderAwareRequestFilter@6e95973c, org.springframework.security.web.authentication.AnonymousAuthenticationFilter@d25e878, org.springframework.security.web.session.SessionManagementFilter@7ceb6c45, org.springframework.security.web.access.ExceptionTranslationFilter@7841bd30, org.springframework.security.web.access.intercept.AuthorizationFilter@336f49a1]
2026-08-13 17:11:07 [main] INFO  o.a.coyote.http11.Http11NioProtocol - Starting ProtocolHandler ["http-nio-8080"]
2026-08-13 17:11:07 [main] INFO  o.s.b.w.e.tomcat.TomcatWebServer - Tomcat started on port(s): 8080 (http) with context path '/journal'
2026-08-13 17:11:07 [main] INFO  n.e.journalApp.JournalApplication - Started JournalApplication in 1.906 seconds (JVM running for 2.166)
2026-08-13 17:11:15 [http-nio-8080-exec-2] INFO  o.a.c.c.C.[.[localhost].[/journal] - Initializing Spring DispatcherServlet 'dispatcherServlet'
2026-08-13 17:11:15 [http-nio-8080-exec-2] INFO  o.s.web.servlet.DispatcherServlet - Initializing Servlet 'dispatcherServlet'
2026-08-13 17:11:15 [http-nio-8080-exec-2] INFO  o.s.web.servlet.DispatcherServlet - Completed initialization in 1 ms
2026-08-13 17:11:15 [http-nio-8080-exec-2] ERROR n.e.j.Controllers.UserController - credentials not passed properly
2026-08-13 17:14:25 [main] ERROR o.s.boot.SpringApplication - Application run failed
java.lang.IllegalStateException: java.lang.IllegalStateException: Logback configuration error detected: 
ERROR in ch.qos.logback.core.joran.spi.Interpreter@13:15 - no applicable action for [file], current ElementPath  is [[configuration][appender][file]]
	at org.springframework.boot.context.logging.LoggingApplicationListener.initializeSystem(LoggingApplicationListener.java:344)
	at org.springframework.boot.context.logging.LoggingApplicationListener.initialize(LoggingApplicationListener.java:298)
	at org.springframework.boot.context.logging.LoggingApplicationListener.onApplicationEnvironmentPreparedEvent(LoggingApplicationListener.java:246)
	at org.springframework.boot.context.logging.LoggingApplicationListener.onApplicationEvent(LoggingApplicationListener.java:223)
	at org.springframework.context.event.SimpleApplicationEventMulticaster.doInvokeListener(SimpleApplicationEventMulticaster.java:178)
	at org.springframework.context.event.SimpleApplicationEventMulticaster.invokeListener(SimpleApplicationEventMulticaster.java:171)
	at org.springframework.context.event.SimpleApplicationEventMulticaster.multicastEvent(SimpleApplicationEventMulticaster.java:145)
	at org.springframework.context.event.SimpleApplicationEventMulticaster.multicastEvent(SimpleApplicationEventMulticaster.java:133)
	at org.springframework.boot.context.event.EventPublishingRunListener.environmentPrepared(EventPublishingRunListener.java:85)
	at org.springframework.boot.SpringApplicationRunListeners.lambda$environmentPrepared$2(SpringApplicationRunListeners.java:66)
	at java.base/java.util.ArrayList.forEach(ArrayList.java:1604)
	at org.springframework.boot.SpringApplicationRunListeners.doWithListeners(SpringApplicationRunListeners.java:120)
	at org.springframework.boot.SpringApplicationRunListeners.doWithListeners(SpringApplicationRunListeners.java:114)
	at org.springframework.boot.SpringApplicationRunListeners.environmentPrepared(SpringApplicationRunListeners.java:65)
	at org.springframework.boot.SpringApplication.prepareEnvironment(SpringApplication.java:343)
	at org.springframework.boot.SpringApplication.run(SpringApplication.java:301)
	at org.springframework.boot.SpringApplication.run(SpringApplication.java:1303)
	at org.springframework.boot.SpringApplication.run(SpringApplication.java:1292)
	at net.engineeringdigest.journalApp.JournalApplication.main(JournalApplication.java:17)
Caused by: java.lang.IllegalStateException: Logback configuration error detected: 
ERROR in ch.qos.logback.core.joran.spi.Interpreter@13:15 - no applicable action for [file], current ElementPath  is [[configuration][appender][file]]
	at org.springframework.boot.logging.logback.LogbackLoggingSystem.reportConfigurationErrorsIfNecessary(LogbackLoggingSystem.java:189)
	at org.springframework.boot.logging.logback.LogbackLoggingSystem.loadConfiguration(LogbackLoggingSystem.java:170)
	at org.springframework.boot.logging.logback.LogbackLoggingSystem.reinitialize(LogbackLoggingSystem.java:243)
	at org.springframework.boot.logging.AbstractLoggingSystem.initializeWithConventions(AbstractLoggingSystem.java:73)
	at org.springframework.boot.logging.AbstractLoggingSystem.initialize(AbstractLoggingSystem.java:60)
	at org.springframework.boot.logging.logback.LogbackLoggingSystem.initialize(LogbackLoggingSystem.java:132)
	at org.springframework.boot.context.logging.LoggingApplicationListener.initializeSystem(LoggingApplicationListener.java:329)
	... 18 common frames omitted
2026-08-13 17:14:28 [main] ERROR o.s.boot.SpringApplication - Application run failed
java.lang.IllegalStateException: java.lang.IllegalStateException: Logback configuration error detected: 
ERROR in ch.qos.logback.core.joran.spi.Interpreter@13:15 - no applicable action for [file], current ElementPath  is [[configuration][appender][file]]
	at org.springframework.boot.context.logging.LoggingApplicationListener.initializeSystem(LoggingApplicationListener.java:344)
	at org.springframework.boot.context.logging.LoggingApplicationListener.initialize(LoggingApplicationListener.java:298)
	at org.springframework.boot.context.logging.LoggingApplicationListener.onApplicationEnvironmentPreparedEvent(LoggingApplicationListener.java:246)
	at org.springframework.boot.context.logging.LoggingApplicationListener.onApplicationEvent(LoggingApplicationListener.java:223)
	at org.springframework.context.event.SimpleApplicationEventMulticaster.doInvokeListener(SimpleApplicationEventMulticaster.java:178)
	at org.springframework.context.event.SimpleApplicationEventMulticaster.invokeListener(SimpleApplicationEventMulticaster.java:171)
	at org.springframework.context.event.SimpleApplicationEventMulticaster.multicastEvent(SimpleApplicationEventMulticaster.java:145)
	at org.springframework.context.event.SimpleApplicationEventMulticaster.multicastEvent(SimpleApplicationEventMulticaster.java:133)
	at org.springframework.boot.context.event.EventPublishingRunListener.environmentPrepared(EventPublishingRunListener.java:85)
	at org.springframework.boot.SpringApplicationRunListeners.lambda$environmentPrepared$2(SpringApplicationRunListeners.java:66)
	at java.base/java.util.ArrayList.forEach(ArrayList.java:1604)
	at org.springframework.boot.SpringApplicationRunListeners.doWithListeners(SpringApplicationRunListeners.java:120)
	at org.springframework.boot.SpringApplicationRunListeners.doWithListeners(SpringApplicationRunListeners.java:114)
	at org.springframework.boot.SpringApplicationRunListeners.environmentPrepared(SpringApplicationRunListeners.java:65)
	at org.springframework.boot.SpringApplication.prepareEnvironment(SpringApplication.java:343)
	at org.springframework.boot.SpringApplication.run(SpringApplication.java:301)
	at org.springframework.boot.SpringApplication.run(SpringApplication.java:1303)
	at org.springframework.boot.SpringApplication.run(SpringApplication.java:1292)
	at net.engineeringdigest.journalApp.JournalApplication.main(JournalApplication.java:17)
Caused by: java.lang.IllegalStateException: Logback configuration error detected: 
ERROR in ch.qos.logback.core.joran.spi.Interpreter@13:15 - no applicable action for [file], current ElementPath  is [[configuration][appender][file]]
	at org.springframework.boot.logging.logback.LogbackLoggingSystem.reportConfigurationErrorsIfNecessary(LogbackLoggingSystem.java:189)
	at org.springframework.boot.logging.logback.LogbackLoggingSystem.loadConfiguration(LogbackLoggingSystem.java:170)
	at org.springframework.boot.logging.logback.LogbackLoggingSystem.reinitialize(LogbackLoggingSystem.java:243)
	at org.springframework.boot.logging.AbstractLoggingSystem.initializeWithConventions(AbstractLoggingSystem.java:73)
	at org.springframework.boot.logging.AbstractLoggingSystem.initialize(AbstractLoggingSystem.java:60)
	at org.springframework.boot.logging.logback.LogbackLoggingSystem.initialize(LogbackLoggingSystem.java:132)
	at org.springframework.boot.context.logging.LoggingApplicationListener.initializeSystem(LoggingApplicationListener.java:329)
	... 18 common frames omitted
2026-08-13 17:14:55 [main] ERROR o.s.boot.SpringApplication - Application run failed
java.lang.IllegalStateException: java.lang.IllegalStateException: Logback configuration error detected: 
ERROR in ch.qos.logback.core.joran.spi.Interpreter@13:15 - no applicable action for [file], current ElementPath  is [[configuration][appender][file]]
	at org.springframework.boot.context.logging.LoggingApplicationListener.initializeSystem(LoggingApplicationListener.java:344)
	at org.springframework.boot.context.logging.LoggingApplicationListener.initialize(LoggingApplicationListener.java:298)
	at org.springframework.boot.context.logging.LoggingApplicationListener.onApplicationEnvironmentPreparedEvent(LoggingApplicationListener.java:246)
	at org.springframework.boot.context.logging.LoggingApplicationListener.onApplicationEvent(LoggingApplicationListener.java:223)
	at org.springframework.context.event.SimpleApplicationEventMulticaster.doInvokeListener(SimpleApplicationEventMulticaster.java:178)
	at org.springframework.context.event.SimpleApplicationEventMulticaster.invokeListener(SimpleApplicationEventMulticaster.java:171)
	at org.springframework.context.event.SimpleApplicationEventMulticaster.multicastEvent(SimpleApplicationEventMulticaster.java:145)
	at org.springframework.context.event.SimpleApplicationEventMulticaster.multicastEvent(SimpleApplicationEventMulticaster.java:133)
	at org.springframework.boot.context.event.EventPublishingRunListener.environmentPrepared(EventPublishingRunListener.java:85)
	at org.springframework.boot.SpringApplicationRunListeners.lambda$environmentPrepared$2(SpringApplicationRunListeners.java:66)
	at java.base/java.util.ArrayList.forEach(ArrayList.java:1604)
	at org.springframework.boot.SpringApplicationRunListeners.doWithListeners(SpringApplicationRunListeners.java:120)
	at org.springframework.boot.SpringApplicationRunListeners.doWithListeners(SpringApplicationRunListeners.java:114)
	at org.springframework.boot.SpringApplicationRunListeners.environmentPrepared(SpringApplicationRunListeners.java:65)
	at org.springframework.boot.SpringApplication.prepareEnvironment(SpringApplication.java:343)
	at org.springframework.boot.SpringApplication.run(SpringApplication.java:301)
	at org.springframework.boot.SpringApplication.run(SpringApplication.java:1303)
	at org.springframework.boot.SpringApplication.run(SpringApplication.java:1292)
	at net.engineeringdigest.journalApp.JournalApplication.main(JournalApplication.java:17)
Caused by: java.lang.IllegalStateException: Logback configuration error detected: 
ERROR in ch.qos.logback.core.joran.spi.Interpreter@13:15 - no applicable action for [file], current ElementPath  is [[configuration][appender][file]]
	at org.springframework.boot.logging.logback.LogbackLoggingSystem.reportConfigurationErrorsIfNecessary(LogbackLoggingSystem.java:189)
	at org.springframework.boot.logging.logback.LogbackLoggingSystem.loadConfiguration(LogbackLoggingSystem.java:170)
	at org.springframework.boot.logging.logback.LogbackLoggingSystem.reinitialize(LogbackLoggingSystem.java:243)
	at org.springframework.boot.logging.AbstractLoggingSystem.initializeWithConventions(AbstractLoggingSystem.java:73)
	at org.springframework.boot.logging.AbstractLoggingSystem.initialize(AbstractLoggingSystem.java:60)
	at org.springframework.boot.logging.logback.LogbackLoggingSystem.initialize(LogbackLoggingSystem.java:132)
	at org.springframework.boot.context.logging.LoggingApplicationListener.initializeSystem(LoggingApplicationListener.java:329)
	... 18 common frames omitted
2026-08-13 17:15:32 [main] INFO  n.e.journalApp.JournalApplication - Starting JournalApplication using Java 25.0.1 on Ezio with PID 17236 (D:\Playground\Engineering Digest\SpringBoot\InitialAuthBasedJournal\journalApp\target\classes started by afaqa in D:\Playground\Engineering Digest\SpringBoot\InitialAuthBasedJournal)
2026-08-13 17:15:32 [main] INFO  n.e.journalApp.JournalApplication - The following 1 profile is active: "dev"
2026-08-13 17:15:32 [main] INFO  o.s.d.r.c.RepositoryConfigurationDelegate - Bootstrapping Spring Data MongoDB repositories in DEFAULT mode.
2026-08-13 17:15:32 [main] INFO  o.s.d.r.c.RepositoryConfigurationDelegate - Finished Spring Data repository scanning in 21 ms. Found 2 MongoDB repository interfaces.
2026-08-13 17:15:32 [main] INFO  o.s.b.w.e.tomcat.TomcatWebServer - Tomcat initialized with port(s): 8080 (http)
2026-08-13 17:15:32 [main] INFO  o.a.coyote.http11.Http11NioProtocol - Initializing ProtocolHandler ["http-nio-8080"]
2026-08-13 17:15:32 [main] INFO  o.a.catalina.core.StandardService - Starting service [Tomcat]
2026-08-13 17:15:32 [main] INFO  o.a.catalina.core.StandardEngine - Starting Servlet engine: [Apache Tomcat/9.0.80]
2026-08-13 17:15:32 [main] INFO  o.a.c.c.C.[.[localhost].[/journal] - Initializing Spring embedded WebApplicationContext
2026-08-13 17:15:32 [main] INFO  o.s.b.w.s.c.ServletWebServerApplicationContext - Root WebApplicationContext: initialization completed in 642 ms
2026-08-13 17:15:32 [main] INFO  org.mongodb.driver.client - MongoClient with metadata {"driver": {"name": "mongo-java-driver|sync|spring-boot", "version": "4.6.1"}, "os": {"type": "Windows", "name": "Windows 11", "architecture": "amd64", "version": "10.0"}, "platform": "Java/Oracle Corporation/25.0.1+8-27", "application": {"name": "Cluster0"}} created with settings MongoClientSettings{readPreference=primary, writeConcern=WriteConcern{w=null, wTimeout=null ms, journal=null}, retryWrites=true, retryReads=true, readConcern=ReadConcern{level=null}, credential=MongoCredential{mechanism=null, userName='afaqalam323_db_user', source='admin', password=<hidden>, mechanismProperties=<hidden>}, streamFactoryFactory=null, commandListeners=[], codecRegistry=ProvidersCodecRegistry{codecProviders=[ValueCodecProvider{}, BsonValueCodecProvider{}, DBRefCodecProvider{}, DBObjectCodecProvider{}, DocumentCodecProvider{}, IterableCodecProvider{}, MapCodecProvider{}, GeoJsonCodecProvider{}, GridFSFileCodecProvider{}, Jsr310CodecProvider{}, JsonObjectCodecProvider{}, BsonCodecProvider{}, EnumCodecProvider{}, com.mongodb.Jep395RecordCodecProvider@7bd96822]}, clusterSettings={hosts=[127.0.0.1:27017], srvHost=cluster0.vzemmp8.mongodb.net, srvServiceName=mongodb, mode=MULTIPLE, requiredClusterType=REPLICA_SET, requiredReplicaSetName='atlas-qapv5b-shard-0', serverSelector='null', clusterListeners='[]', serverSelectionTimeout='30000 ms', localThreshold='30000 ms'}, socketSettings=SocketSettings{connectTimeoutMS=10000, readTimeoutMS=0, receiveBufferSize=0, sendBufferSize=0}, heartbeatSocketSettings=SocketSettings{connectTimeoutMS=10000, readTimeoutMS=10000, receiveBufferSize=0, sendBufferSize=0}, connectionPoolSettings=ConnectionPoolSettings{maxSize=100, minSize=0, maxWaitTimeMS=120000, maxConnectionLifeTimeMS=0, maxConnectionIdleTimeMS=0, maintenanceInitialDelayMS=0, maintenanceFrequencyMS=60000, connectionPoolListeners=[], maxConnecting=2}, serverSettings=ServerSettings{heartbeatFrequencyMS=10000, minHeartbeatFrequencyMS=500, serverListeners='[]', serverMonitorListeners='[]'}, sslSettings=SslSettings{enabled=true, invalidHostNameAllowed=false, context=null}, applicationName='Cluster0', compressorList=[], uuidRepresentation=JAVA_LEGACY, serverApi=null, autoEncryptionSettings=null, contextProvider=null}
2026-08-13 17:15:33 [cluster-ClusterId{value='6a7dae5cae35e44d7af13b49', description='null'}-srv-cluster0.vzemmp8.mongodb.net] INFO  org.mongodb.driver.cluster - Adding discovered server ac-itx4z4c-shard-00-00.vzemmp8.mongodb.net:27017 to client view of cluster
2026-08-13 17:15:33 [cluster-ClusterId{value='6a7dae5cae35e44d7af13b49', description='null'}-srv-cluster0.vzemmp8.mongodb.net] INFO  org.mongodb.driver.cluster - Adding discovered server ac-itx4z4c-shard-00-02.vzemmp8.mongodb.net:27017 to client view of cluster
2026-08-13 17:15:33 [cluster-ClusterId{value='6a7dae5cae35e44d7af13b49', description='null'}-srv-cluster0.vzemmp8.mongodb.net] INFO  org.mongodb.driver.cluster - Adding discovered server ac-itx4z4c-shard-00-01.vzemmp8.mongodb.net:27017 to client view of cluster
2026-08-13 17:15:33 [main] INFO  org.mongodb.driver.cluster - No server chosen by com.mongodb.client.internal.MongoClientDelegate$1@69cd7630 from cluster description ClusterDescription{type=REPLICA_SET, connectionMode=MULTIPLE, serverDescriptions=[ServerDescription{address=ac-itx4z4c-shard-00-00.vzemmp8.mongodb.net:27017, type=UNKNOWN, state=CONNECTING}, ServerDescription{address=ac-itx4z4c-shard-00-01.vzemmp8.mongodb.net:27017, type=UNKNOWN, state=CONNECTING}, ServerDescription{address=ac-itx4z4c-shard-00-02.vzemmp8.mongodb.net:27017, type=UNKNOWN, state=CONNECTING}]}. Waiting for 30000 ms before timing out
2026-08-13 17:15:33 [cluster-rtt-ClusterId{value='6a7dae5cae35e44d7af13b49', description='null'}-ac-itx4z4c-shard-00-02.vzemmp8.mongodb.net:27017] INFO  org.mongodb.driver.connection - Opened connection [connectionId{localValue:2, serverValue:100951}] to ac-itx4z4c-shard-00-02.vzemmp8.mongodb.net:27017
2026-08-13 17:15:33 [cluster-ClusterId{value='6a7dae5cae35e44d7af13b49', description='null'}-ac-itx4z4c-shard-00-02.vzemmp8.mongodb.net:27017] INFO  org.mongodb.driver.connection - Opened connection [connectionId{localValue:4, serverValue:100872}] to ac-itx4z4c-shard-00-02.vzemmp8.mongodb.net:27017
2026-08-13 17:15:33 [cluster-ClusterId{value='6a7dae5cae35e44d7af13b49', description='null'}-ac-itx4z4c-shard-00-01.vzemmp8.mongodb.net:27017] INFO  org.mongodb.driver.connection - Opened connection [connectionId{localValue:6, serverValue:95029}] to ac-itx4z4c-shard-00-01.vzemmp8.mongodb.net:27017
2026-08-13 17:15:33 [cluster-ClusterId{value='6a7dae5cae35e44d7af13b49', description='null'}-ac-itx4z4c-shard-00-00.vzemmp8.mongodb.net:27017] INFO  org.mongodb.driver.connection - Opened connection [connectionId{localValue:1, serverValue:96862}] to ac-itx4z4c-shard-00-00.vzemmp8.mongodb.net:27017
2026-08-13 17:15:33 [cluster-rtt-ClusterId{value='6a7dae5cae35e44d7af13b49', description='null'}-ac-itx4z4c-shard-00-00.vzemmp8.mongodb.net:27017] INFO  org.mongodb.driver.connection - Opened connection [connectionId{localValue:5, serverValue:96859}] to ac-itx4z4c-shard-00-00.vzemmp8.mongodb.net:27017
2026-08-13 17:15:33 [cluster-ClusterId{value='6a7dae5cae35e44d7af13b49', description='null'}-ac-itx4z4c-shard-00-00.vzemmp8.mongodb.net:27017] INFO  org.mongodb.driver.cluster - Monitor thread successfully connected to server with description ServerDescription{address=ac-itx4z4c-shard-00-00.vzemmp8.mongodb.net:27017, type=REPLICA_SET_SECONDARY, state=CONNECTED, ok=true, minWireVersion=0, maxWireVersion=25, maxDocumentSize=16777216, logicalSessionTimeoutMinutes=30, roundTripTimeNanos=201202500, setName='atlas-qapv5b-shard-0', canonicalAddress=ac-itx4z4c-shard-00-00.vzemmp8.mongodb.net:27017, hosts=[ac-itx4z4c-shard-00-02.vzemmp8.mongodb.net:27017, ac-itx4z4c-shard-00-00.vzemmp8.mongodb.net:27017, ac-itx4z4c-shard-00-01.vzemmp8.mongodb.net:27017], passives=[], arbiters=[], primary='ac-itx4z4c-shard-00-02.vzemmp8.mongodb.net:27017', tagSet=TagSet{[Tag{name='availabilityZone', value='aps1-az1'}, Tag{name='cacheState', value='READY'}, Tag{name='diskState', value='READY'}, Tag{name='nodeType', value='ELECTABLE'}, Tag{name='provider', value='AWS'}, Tag{name='region', value='AP_SOUTH_1'}, Tag{name='workloadType', value='OPERATIONAL'}]}, electionId=null, setVersion=244, topologyVersion=TopologyVersion{processId=6a7a3015ffb494b6ac6cc523, counter=15}, lastWriteDate=Thu Aug 13 17:15:32 IST 2026, lastUpdateTimeNanos=15215498964100}
2026-08-13 17:15:33 [cluster-ClusterId{value='6a7dae5cae35e44d7af13b49', description='null'}-ac-itx4z4c-shard-00-01.vzemmp8.mongodb.net:27017] INFO  org.mongodb.driver.cluster - Monitor thread successfully connected to server with description ServerDescription{address=ac-itx4z4c-shard-00-01.vzemmp8.mongodb.net:27017, type=REPLICA_SET_SECONDARY, state=CONNECTED, ok=true, minWireVersion=0, maxWireVersion=25, maxDocumentSize=16777216, logicalSessionTimeoutMinutes=30, roundTripTimeNanos=200762700, setName='atlas-qapv5b-shard-0', canonicalAddress=ac-itx4z4c-shard-00-01.vzemmp8.mongodb.net:27017, hosts=[ac-itx4z4c-shard-00-02.vzemmp8.mongodb.net:27017, ac-itx4z4c-shard-00-00.vzemmp8.mongodb.net:27017, ac-itx4z4c-shard-00-01.vzemmp8.mongodb.net:27017], passives=[], arbiters=[], primary='ac-itx4z4c-shard-00-02.vzemmp8.mongodb.net:27017', tagSet=TagSet{[Tag{name='availabilityZone', value='aps1-az3'}, Tag{name='cacheState', value='READY'}, Tag{name='diskState', value='READY'}, Tag{name='nodeType', value='ELECTABLE'}, Tag{name='provider', value='AWS'}, Tag{name='region', value='AP_SOUTH_1'}, Tag{name='workloadType', value='OPERATIONAL'}]}, electionId=null, setVersion=244, topologyVersion=TopologyVersion{processId=6a7a3594533da2db865c91b2, counter=5}, lastWriteDate=Thu Aug 13 17:15:32 IST 2026, lastUpdateTimeNanos=15215498055600}
2026-08-13 17:15:33 [cluster-rtt-ClusterId{value='6a7dae5cae35e44d7af13b49', description='null'}-ac-itx4z4c-shard-00-01.vzemmp8.mongodb.net:27017] INFO  org.mongodb.driver.connection - Opened connection [connectionId{localValue:3, serverValue:95029}] to ac-itx4z4c-shard-00-01.vzemmp8.mongodb.net:27017
2026-08-13 17:15:33 [cluster-ClusterId{value='6a7dae5cae35e44d7af13b49', description='null'}-ac-itx4z4c-shard-00-02.vzemmp8.mongodb.net:27017] INFO  org.mongodb.driver.cluster - Monitor thread successfully connected to server with description ServerDescription{address=ac-itx4z4c-shard-00-02.vzemmp8.mongodb.net:27017, type=REPLICA_SET_PRIMARY, state=CONNECTED, ok=true, minWireVersion=0, maxWireVersion=25, maxDocumentSize=16777216, logicalSessionTimeoutMinutes=30, roundTripTimeNanos=199928100, setName='atlas-qapv5b-shard-0', canonicalAddress=ac-itx4z4c-shard-00-02.vzemmp8.mongodb.net:27017, hosts=[ac-itx4z4c-shard-00-02.vzemmp8.mongodb.net:27017, ac-itx4z4c-shard-00-00.vzemmp8.mongodb.net:27017, ac-itx4z4c-shard-00-01.vzemmp8.mongodb.net:27017], passives=[], arbiters=[], primary='ac-itx4z4c-shard-00-02.vzemmp8.mongodb.net:27017', tagSet=TagSet{[Tag{name='availabilityZone', value='aps1-az2'}, Tag{name='cacheState', value='READY'}, Tag{name='diskState', value='READY'}, Tag{name='nodeType', value='ELECTABLE'}, Tag{name='provider', value='AWS'}, Tag{name='region', value='AP_SOUTH_1'}, Tag{name='workloadType', value='OPERATIONAL'}]}, electionId=7fffffff000000000000029f, setVersion=244, topologyVersion=TopologyVersion{processId=6a7a32f61f3e2c2ad063f6a0, counter=11}, lastWriteDate=Thu Aug 13 17:15:32 IST 2026, lastUpdateTimeNanos=15215498217700}
2026-08-13 17:15:33 [cluster-ClusterId{value='6a7dae5cae35e44d7af13b49', description='null'}-ac-itx4z4c-shard-00-02.vzemmp8.mongodb.net:27017] INFO  org.mongodb.driver.cluster - Setting max election id to 7fffffff000000000000029f from replica set primary ac-itx4z4c-shard-00-02.vzemmp8.mongodb.net:27017
2026-08-13 17:15:33 [cluster-ClusterId{value='6a7dae5cae35e44d7af13b49', description='null'}-ac-itx4z4c-shard-00-02.vzemmp8.mongodb.net:27017] INFO  org.mongodb.driver.cluster - Setting max set version to 244 from replica set primary ac-itx4z4c-shard-00-02.vzemmp8.mongodb.net:27017
2026-08-13 17:15:33 [cluster-ClusterId{value='6a7dae5cae35e44d7af13b49', description='null'}-ac-itx4z4c-shard-00-02.vzemmp8.mongodb.net:27017] INFO  org.mongodb.driver.cluster - Discovered replica set primary ac-itx4z4c-shard-00-02.vzemmp8.mongodb.net:27017
2026-08-13 17:15:33 [main] INFO  org.mongodb.driver.connection - Opened connection [connectionId{localValue:7, serverValue:100925}] to ac-itx4z4c-shard-00-02.vzemmp8.mongodb.net:27017
2026-08-13 17:15:33 [main] INFO  o.s.s.web.DefaultSecurityFilterChain - Will secure any request with [org.springframework.security.web.session.DisableEncodeUrlFilter@4f3c7808, org.springframework.security.web.context.request.async.WebAsyncManagerIntegrationFilter@4b4969ea, org.springframework.security.web.context.SecurityContextPersistenceFilter@7ea42c82, org.springframework.security.web.header.HeaderWriterFilter@34c76167, org.springframework.security.web.authentication.logout.LogoutFilter@1de13f34, org.springframework.security.web.authentication.www.BasicAuthenticationFilter@70be89ec, org.springframework.security.web.savedrequest.RequestCacheAwareFilter@21274afe, org.springframework.security.web.servletapi.SecurityContextHolderAwareRequestFilter@4d4c1ba9, org.springframework.security.web.authentication.AnonymousAuthenticationFilter@11c581a0, org.springframework.security.web.session.SessionManagementFilter@1c3b6963, org.springframework.security.web.access.ExceptionTranslationFilter@723742b2, org.springframework.security.web.access.intercept.AuthorizationFilter@47187f50]
2026-08-13 17:15:33 [main] INFO  o.a.coyote.http11.Http11NioProtocol - Starting ProtocolHandler ["http-nio-8080"]
2026-08-13 17:15:33 [main] INFO  o.s.b.w.e.tomcat.TomcatWebServer - Tomcat started on port(s): 8080 (http) with context path '/journal'
2026-08-13 17:15:33 [main] INFO  n.e.journalApp.JournalApplication - Started JournalApplication in 2.046 seconds (JVM running for 2.356)
2026-08-13 17:15:37 [http-nio-8080-exec-1] INFO  o.a.c.c.C.[.[localhost].[/journal] - Initializing Spring DispatcherServlet 'dispatcherServlet'
2026-08-13 17:15:37 [http-nio-8080-exec-1] INFO  o.s.web.servlet.DispatcherServlet - Initializing Servlet 'dispatcherServlet'
2026-08-13 17:15:37 [http-nio-8080-exec-1] INFO  o.s.web.servlet.DispatcherServlet - Completed initialization in 1 ms
2026-08-13 17:15:37 [http-nio-8080-exec-1] ERROR n.e.j.Controllers.UserController - credentials not passed properly
2026-08-13 17:16:09 [main] INFO  n.e.journalApp.JournalApplication - Starting JournalApplication using Java 25.0.1 on Ezio with PID 10928 (D:\Playground\Engineering Digest\SpringBoot\InitialAuthBasedJournal\journalApp\target\classes started by afaqa in D:\Playground\Engineering Digest\SpringBoot\InitialAuthBasedJournal)
2026-08-13 17:16:09 [main] INFO  n.e.journalApp.JournalApplication - The following 1 profile is active: "dev"
2026-08-13 17:16:10 [main] INFO  o.s.d.r.c.RepositoryConfigurationDelegate - Bootstrapping Spring Data MongoDB repositories in DEFAULT mode.
2026-08-13 17:16:10 [main] INFO  o.s.d.r.c.RepositoryConfigurationDelegate - Finished Spring Data repository scanning in 19 ms. Found 2 MongoDB repository interfaces.
2026-08-13 17:16:10 [main] INFO  o.s.b.w.e.tomcat.TomcatWebServer - Tomcat initialized with port(s): 8080 (http)
2026-08-13 17:16:10 [main] INFO  o.a.coyote.http11.Http11NioProtocol - Initializing ProtocolHandler ["http-nio-8080"]
2026-08-13 17:16:10 [main] INFO  o.a.catalina.core.StandardService - Starting service [Tomcat]
2026-08-13 17:16:10 [main] INFO  o.a.catalina.core.StandardEngine - Starting Servlet engine: [Apache Tomcat/9.0.80]
2026-08-13 17:16:10 [main] INFO  o.a.c.c.C.[.[localhost].[/journal] - Initializing Spring embedded WebApplicationContext
2026-08-13 17:16:10 [main] INFO  o.s.b.w.s.c.ServletWebServerApplicationContext - Root WebApplicationContext: initialization completed in 610 ms
2026-08-13 17:16:10 [cluster-ClusterId{value='6a7dae82fa13064ea5538056', description='null'}-srv-cluster0.vzemmp8.mongodb.net] INFO  org.mongodb.driver.cluster - Adding discovered server ac-itx4z4c-shard-00-00.vzemmp8.mongodb.net:27017 to client view of cluster
2026-08-13 17:16:10 [main] INFO  org.mongodb.driver.client - MongoClient with metadata {"driver": {"name": "mongo-java-driver|sync|spring-boot", "version": "4.6.1"}, "os": {"type": "Windows", "name": "Windows 11", "architecture": "amd64", "version": "10.0"}, "platform": "Java/Oracle Corporation/25.0.1+8-27", "application": {"name": "Cluster0"}} created with settings MongoClientSettings{readPreference=primary, writeConcern=WriteConcern{w=null, wTimeout=null ms, journal=null}, retryWrites=true, retryReads=true, readConcern=ReadConcern{level=null}, credential=MongoCredential{mechanism=null, userName='afaqalam323_db_user', source='admin', password=<hidden>, mechanismProperties=<hidden>}, streamFactoryFactory=null, commandListeners=[], codecRegistry=ProvidersCodecRegistry{codecProviders=[ValueCodecProvider{}, BsonValueCodecProvider{}, DBRefCodecProvider{}, DBObjectCodecProvider{}, DocumentCodecProvider{}, IterableCodecProvider{}, MapCodecProvider{}, GeoJsonCodecProvider{}, GridFSFileCodecProvider{}, Jsr310CodecProvider{}, JsonObjectCodecProvider{}, BsonCodecProvider{}, EnumCodecProvider{}, com.mongodb.Jep395RecordCodecProvider@7bd96822]}, clusterSettings={hosts=[127.0.0.1:27017], srvHost=cluster0.vzemmp8.mongodb.net, srvServiceName=mongodb, mode=MULTIPLE, requiredClusterType=REPLICA_SET, requiredReplicaSetName='atlas-qapv5b-shard-0', serverSelector='null', clusterListeners='[]', serverSelectionTimeout='30000 ms', localThreshold='30000 ms'}, socketSettings=SocketSettings{connectTimeoutMS=10000, readTimeoutMS=0, receiveBufferSize=0, sendBufferSize=0}, heartbeatSocketSettings=SocketSettings{connectTimeoutMS=10000, readTimeoutMS=10000, receiveBufferSize=0, sendBufferSize=0}, connectionPoolSettings=ConnectionPoolSettings{maxSize=100, minSize=0, maxWaitTimeMS=120000, maxConnectionLifeTimeMS=0, maxConnectionIdleTimeMS=0, maintenanceInitialDelayMS=0, maintenanceFrequencyMS=60000, connectionPoolListeners=[], maxConnecting=2}, serverSettings=ServerSettings{heartbeatFrequencyMS=10000, minHeartbeatFrequencyMS=500, serverListeners='[]', serverMonitorListeners='[]'}, sslSettings=SslSettings{enabled=true, invalidHostNameAllowed=false, context=null}, applicationName='Cluster0', compressorList=[], uuidRepresentation=JAVA_LEGACY, serverApi=null, autoEncryptionSettings=null, contextProvider=null}
2026-08-13 17:16:10 [cluster-ClusterId{value='6a7dae82fa13064ea5538056', description='null'}-srv-cluster0.vzemmp8.mongodb.net] INFO  org.mongodb.driver.cluster - Adding discovered server ac-itx4z4c-shard-00-02.vzemmp8.mongodb.net:27017 to client view of cluster
2026-08-13 17:16:10 [cluster-ClusterId{value='6a7dae82fa13064ea5538056', description='null'}-srv-cluster0.vzemmp8.mongodb.net] INFO  org.mongodb.driver.cluster - Adding discovered server ac-itx4z4c-shard-00-01.vzemmp8.mongodb.net:27017 to client view of cluster
2026-08-13 17:16:10 [main] INFO  org.mongodb.driver.cluster - No server chosen by com.mongodb.client.internal.MongoClientDelegate$1@23468512 from cluster description ClusterDescription{type=REPLICA_SET, connectionMode=MULTIPLE, serverDescriptions=[ServerDescription{address=ac-itx4z4c-shard-00-00.vzemmp8.mongodb.net:27017, type=UNKNOWN, state=CONNECTING}, ServerDescription{address=ac-itx4z4c-shard-00-01.vzemmp8.mongodb.net:27017, type=UNKNOWN, state=CONNECTING}, ServerDescription{address=ac-itx4z4c-shard-00-02.vzemmp8.mongodb.net:27017, type=UNKNOWN, state=CONNECTING}]}. Waiting for 30000 ms before timing out
2026-08-13 17:16:10 [cluster-ClusterId{value='6a7dae82fa13064ea5538056', description='null'}-ac-itx4z4c-shard-00-01.vzemmp8.mongodb.net:27017] INFO  org.mongodb.driver.connection - Opened connection [connectionId{localValue:2, serverValue:95039}] to ac-itx4z4c-shard-00-01.vzemmp8.mongodb.net:27017
2026-08-13 17:16:10 [cluster-ClusterId{value='6a7dae82fa13064ea5538056', description='null'}-ac-itx4z4c-shard-00-00.vzemmp8.mongodb.net:27017] INFO  org.mongodb.driver.connection - Opened connection [connectionId{localValue:4, serverValue:96885}] to ac-itx4z4c-shard-00-00.vzemmp8.mongodb.net:27017
2026-08-13 17:16:10 [cluster-ClusterId{value='6a7dae82fa13064ea5538056', description='null'}-ac-itx4z4c-shard-00-02.vzemmp8.mongodb.net:27017] INFO  org.mongodb.driver.connection - Opened connection [connectionId{localValue:5, serverValue:100977}] to ac-itx4z4c-shard-00-02.vzemmp8.mongodb.net:27017
2026-08-13 17:16:10 [cluster-rtt-ClusterId{value='6a7dae82fa13064ea5538056', description='null'}-ac-itx4z4c-shard-00-00.vzemmp8.mongodb.net:27017] INFO  org.mongodb.driver.connection - Opened connection [connectionId{localValue:1, serverValue:96885}] to ac-itx4z4c-shard-00-00.vzemmp8.mongodb.net:27017
2026-08-13 17:16:10 [cluster-rtt-ClusterId{value='6a7dae82fa13064ea5538056', description='null'}-ac-itx4z4c-shard-00-01.vzemmp8.mongodb.net:27017] INFO  org.mongodb.driver.connection - Opened connection [connectionId{localValue:3, serverValue:95039}] to ac-itx4z4c-shard-00-01.vzemmp8.mongodb.net:27017
2026-08-13 17:16:10 [cluster-rtt-ClusterId{value='6a7dae82fa13064ea5538056', description='null'}-ac-itx4z4c-shard-00-02.vzemmp8.mongodb.net:27017] INFO  org.mongodb.driver.connection - Opened connection [connectionId{localValue:6, serverValue:100977}] to ac-itx4z4c-shard-00-02.vzemmp8.mongodb.net:27017
2026-08-13 17:16:10 [cluster-ClusterId{value='6a7dae82fa13064ea5538056', description='null'}-ac-itx4z4c-shard-00-01.vzemmp8.mongodb.net:27017] INFO  org.mongodb.driver.cluster - Monitor thread successfully connected to server with description ServerDescription{address=ac-itx4z4c-shard-00-01.vzemmp8.mongodb.net:27017, type=REPLICA_SET_SECONDARY, state=CONNECTED, ok=true, minWireVersion=0, maxWireVersion=25, maxDocumentSize=16777216, logicalSessionTimeoutMinutes=30, roundTripTimeNanos=188167400, setName='atlas-qapv5b-shard-0', canonicalAddress=ac-itx4z4c-shard-00-01.vzemmp8.mongodb.net:27017, hosts=[ac-itx4z4c-shard-00-02.vzemmp8.mongodb.net:27017, ac-itx4z4c-shard-00-00.vzemmp8.mongodb.net:27017, ac-itx4z4c-shard-00-01.vzemmp8.mongodb.net:27017], passives=[], arbiters=[], primary='ac-itx4z4c-shard-00-02.vzemmp8.mongodb.net:27017', tagSet=TagSet{[Tag{name='availabilityZone', value='aps1-az3'}, Tag{name='cacheState', value='READY'}, Tag{name='diskState', value='READY'}, Tag{name='nodeType', value='ELECTABLE'}, Tag{name='provider', value='AWS'}, Tag{name='region', value='AP_SOUTH_1'}, Tag{name='workloadType', value='OPERATIONAL'}]}, electionId=null, setVersion=244, topologyVersion=TopologyVersion{processId=6a7a3594533da2db865c91b2, counter=5}, lastWriteDate=Thu Aug 13 17:16:10 IST 2026, lastUpdateTimeNanos=15252933078500}
2026-08-13 17:16:10 [cluster-ClusterId{value='6a7dae82fa13064ea5538056', description='null'}-ac-itx4z4c-shard-00-02.vzemmp8.mongodb.net:27017] INFO  org.mongodb.driver.cluster - Monitor thread successfully connected to server with description ServerDescription{address=ac-itx4z4c-shard-00-02.vzemmp8.mongodb.net:27017, type=REPLICA_SET_PRIMARY, state=CONNECTED, ok=true, minWireVersion=0, maxWireVersion=25, maxDocumentSize=16777216, logicalSessionTimeoutMinutes=30, roundTripTimeNanos=185962800, setName='atlas-qapv5b-shard-0', canonicalAddress=ac-itx4z4c-shard-00-02.vzemmp8.mongodb.net:27017, hosts=[ac-itx4z4c-shard-00-02.vzemmp8.mongodb.net:27017, ac-itx4z4c-shard-00-00.vzemmp8.mongodb.net:27017, ac-itx4z4c-shard-00-01.vzemmp8.mongodb.net:27017], passives=[], arbiters=[], primary='ac-itx4z4c-shard-00-02.vzemmp8.mongodb.net:27017', tagSet=TagSet{[Tag{name='availabilityZone', value='aps1-az2'}, Tag{name='cacheState', value='READY'}, Tag{name='diskState', value='READY'}, Tag{name='nodeType', value='ELECTABLE'}, Tag{name='provider', value='AWS'}, Tag{name='region', value='AP_SOUTH_1'}, Tag{name='workloadType', value='OPERATIONAL'}]}, electionId=7fffffff000000000000029f, setVersion=244, topologyVersion=TopologyVersion{processId=6a7a32f61f3e2c2ad063f6a0, counter=11}, lastWriteDate=Thu Aug 13 17:16:10 IST 2026, lastUpdateTimeNanos=15252933078600}
2026-08-13 17:16:10 [cluster-ClusterId{value='6a7dae82fa13064ea5538056', description='null'}-ac-itx4z4c-shard-00-00.vzemmp8.mongodb.net:27017] INFO  org.mongodb.driver.cluster - Monitor thread successfully connected to server with description ServerDescription{address=ac-itx4z4c-shard-00-00.vzemmp8.mongodb.net:27017, type=REPLICA_SET_SECONDARY, state=CONNECTED, ok=true, minWireVersion=0, maxWireVersion=25, maxDocumentSize=16777216, logicalSessionTimeoutMinutes=30, roundTripTimeNanos=186965700, setName='atlas-qapv5b-shard-0', canonicalAddress=ac-itx4z4c-shard-00-00.vzemmp8.mongodb.net:27017, hosts=[ac-itx4z4c-shard-00-02.vzemmp8.mongodb.net:27017, ac-itx4z4c-shard-00-00.vzemmp8.mongodb.net:27017, ac-itx4z4c-shard-00-01.vzemmp8.mongodb.net:27017], passives=[], arbiters=[], primary='ac-itx4z4c-shard-00-02.vzemmp8.mongodb.net:27017', tagSet=TagSet{[Tag{name='availabilityZone', value='aps1-az1'}, Tag{name='cacheState', value='READY'}, Tag{name='diskState', value='READY'}, Tag{name='nodeType', value='ELECTABLE'}, Tag{name='provider', value='AWS'}, Tag{name='region', value='AP_SOUTH_1'}, Tag{name='workloadType', value='OPERATIONAL'}]}, electionId=null, setVersion=244, topologyVersion=TopologyVersion{processId=6a7a3015ffb494b6ac6cc523, counter=15}, lastWriteDate=Thu Aug 13 17:16:10 IST 2026, lastUpdateTimeNanos=15252933078600}
2026-08-13 17:16:10 [cluster-ClusterId{value='6a7dae82fa13064ea5538056', description='null'}-ac-itx4z4c-shard-00-02.vzemmp8.mongodb.net:27017] INFO  org.mongodb.driver.cluster - Setting max election id to 7fffffff000000000000029f from replica set primary ac-itx4z4c-shard-00-02.vzemmp8.mongodb.net:27017
2026-08-13 17:16:10 [cluster-ClusterId{value='6a7dae82fa13064ea5538056', description='null'}-ac-itx4z4c-shard-00-02.vzemmp8.mongodb.net:27017] INFO  org.mongodb.driver.cluster - Setting max set version to 244 from replica set primary ac-itx4z4c-shard-00-02.vzemmp8.mongodb.net:27017
2026-08-13 17:16:10 [cluster-ClusterId{value='6a7dae82fa13064ea5538056', description='null'}-ac-itx4z4c-shard-00-02.vzemmp8.mongodb.net:27017] INFO  org.mongodb.driver.cluster - Discovered replica set primary ac-itx4z4c-shard-00-02.vzemmp8.mongodb.net:27017
2026-08-13 17:16:11 [main] INFO  org.mongodb.driver.connection - Opened connection [connectionId{localValue:7, serverValue:100925}] to ac-itx4z4c-shard-00-02.vzemmp8.mongodb.net:27017
2026-08-13 17:16:11 [main] INFO  o.s.s.web.DefaultSecurityFilterChain - Will secure any request with [org.springframework.security.web.session.DisableEncodeUrlFilter@79195c22, org.springframework.security.web.context.request.async.WebAsyncManagerIntegrationFilter@c9b5a99, org.springframework.security.web.context.SecurityContextPersistenceFilter@7364f68, org.springframework.security.web.header.HeaderWriterFilter@723742b2, org.springframework.security.web.authentication.logout.LogoutFilter@36d582cb, org.springframework.security.web.authentication.www.BasicAuthenticationFilter@5384ce66, org.springframework.security.web.savedrequest.RequestCacheAwareFilter@7ea42c82, org.springframework.security.web.servletapi.SecurityContextHolderAwareRequestFilter@106c988, org.springframework.security.web.authentication.AnonymousAuthenticationFilter@70be89ec, org.springframework.security.web.session.SessionManagementFilter@2c9fdb64, org.springframework.security.web.access.ExceptionTranslationFilter@629075f4, org.springframework.security.web.access.intercept.AuthorizationFilter@3869a6e5]
2026-08-13 17:16:11 [main] INFO  o.a.coyote.http11.Http11NioProtocol - Starting ProtocolHandler ["http-nio-8080"]
2026-08-13 17:16:11 [main] INFO  o.s.b.w.e.tomcat.TomcatWebServer - Tomcat started on port(s): 8080 (http) with context path '/journal'
2026-08-13 17:16:11 [main] INFO  n.e.journalApp.JournalApplication - Started JournalApplication in 1.772 seconds (JVM running for 2.013)
2026-08-13 17:16:15 [http-nio-8080-exec-1] INFO  o.a.c.c.C.[.[localhost].[/journal] - Initializing Spring DispatcherServlet 'dispatcherServlet'
2026-08-13 17:16:15 [http-nio-8080-exec-1] INFO  o.s.web.servlet.DispatcherServlet - Initializing Servlet 'dispatcherServlet'
2026-08-13 17:16:15 [http-nio-8080-exec-1] INFO  o.s.web.servlet.DispatcherServlet - Completed initialization in 1 ms
2026-08-13 17:16:15 [http-nio-8080-exec-1] ERROR n.e.j.Controllers.UserController - credentials not passed properly
2026-08-13 17:17:36 [main] INFO  n.e.journalApp.JournalApplication - Starting JournalApplication using Java 25.0.1 on Ezio with PID 11068 (D:\Playground\Engineering Digest\SpringBoot\InitialAuthBasedJournal\journalApp\target\classes started by afaqa in D:\Playground\Engineering Digest\SpringBoot\InitialAuthBasedJournal)
2026-08-13 17:17:36 [main] INFO  n.e.journalApp.JournalApplication - The following 1 profile is active: "dev"
2026-08-13 17:17:36 [main] INFO  o.s.d.r.c.RepositoryConfigurationDelegate - Bootstrapping Spring Data MongoDB repositories in DEFAULT mode.
2026-08-13 17:17:36 [main] INFO  o.s.d.r.c.RepositoryConfigurationDelegate - Finished Spring Data repository scanning in 23 ms. Found 2 MongoDB repository interfaces.
2026-08-13 17:17:36 [main] INFO  o.s.b.w.e.tomcat.TomcatWebServer - Tomcat initialized with port(s): 8080 (http)
2026-08-13 17:17:36 [main] INFO  o.a.coyote.http11.Http11NioProtocol - Initializing ProtocolHandler ["http-nio-8080"]
2026-08-13 17:17:36 [main] INFO  o.a.catalina.core.StandardService - Starting service [Tomcat]
2026-08-13 17:17:36 [main] INFO  o.a.catalina.core.StandardEngine - Starting Servlet engine: [Apache Tomcat/9.0.80]
2026-08-13 17:17:36 [main] INFO  o.a.c.c.C.[.[localhost].[/journal] - Initializing Spring embedded WebApplicationContext
2026-08-13 17:17:36 [main] INFO  o.s.b.w.s.c.ServletWebServerApplicationContext - Root WebApplicationContext: initialization completed in 673 ms
2026-08-13 17:17:37 [main] INFO  org.mongodb.driver.client - MongoClient with metadata {"driver": {"name": "mongo-java-driver|sync|spring-boot", "version": "4.6.1"}, "os": {"type": "Windows", "name": "Windows 11", "architecture": "amd64", "version": "10.0"}, "platform": "Java/Oracle Corporation/25.0.1+8-27", "application": {"name": "Cluster0"}} created with settings MongoClientSettings{readPreference=primary, writeConcern=WriteConcern{w=null, wTimeout=null ms, journal=null}, retryWrites=true, retryReads=true, readConcern=ReadConcern{level=null}, credential=MongoCredential{mechanism=null, userName='afaqalam323_db_user', source='admin', password=<hidden>, mechanismProperties=<hidden>}, streamFactoryFactory=null, commandListeners=[], codecRegistry=ProvidersCodecRegistry{codecProviders=[ValueCodecProvider{}, BsonValueCodecProvider{}, DBRefCodecProvider{}, DBObjectCodecProvider{}, DocumentCodecProvider{}, IterableCodecProvider{}, MapCodecProvider{}, GeoJsonCodecProvider{}, GridFSFileCodecProvider{}, Jsr310CodecProvider{}, JsonObjectCodecProvider{}, BsonCodecProvider{}, EnumCodecProvider{}, com.mongodb.Jep395RecordCodecProvider@1acb74ad]}, clusterSettings={hosts=[127.0.0.1:27017], srvHost=cluster0.vzemmp8.mongodb.net, srvServiceName=mongodb, mode=MULTIPLE, requiredClusterType=REPLICA_SET, requiredReplicaSetName='atlas-qapv5b-shard-0', serverSelector='null', clusterListeners='[]', serverSelectionTimeout='30000 ms', localThreshold='30000 ms'}, socketSettings=SocketSettings{connectTimeoutMS=10000, readTimeoutMS=0, receiveBufferSize=0, sendBufferSize=0}, heartbeatSocketSettings=SocketSettings{connectTimeoutMS=10000, readTimeoutMS=10000, receiveBufferSize=0, sendBufferSize=0}, connectionPoolSettings=ConnectionPoolSettings{maxSize=100, minSize=0, maxWaitTimeMS=120000, maxConnectionLifeTimeMS=0, maxConnectionIdleTimeMS=0, maintenanceInitialDelayMS=0, maintenanceFrequencyMS=60000, connectionPoolListeners=[], maxConnecting=2}, serverSettings=ServerSettings{heartbeatFrequencyMS=10000, minHeartbeatFrequencyMS=500, serverListeners='[]', serverMonitorListeners='[]'}, sslSettings=SslSettings{enabled=true, invalidHostNameAllowed=false, context=null}, applicationName='Cluster0', compressorList=[], uuidRepresentation=JAVA_LEGACY, serverApi=null, autoEncryptionSettings=null, contextProvider=null}
2026-08-13 17:17:37 [cluster-ClusterId{value='6a7daed9abbd9123adb641a6', description='null'}-srv-cluster0.vzemmp8.mongodb.net] INFO  org.mongodb.driver.cluster - Adding discovered server ac-itx4z4c-shard-00-00.vzemmp8.mongodb.net:27017 to client view of cluster
2026-08-13 17:17:37 [cluster-ClusterId{value='6a7daed9abbd9123adb641a6', description='null'}-srv-cluster0.vzemmp8.mongodb.net] INFO  org.mongodb.driver.cluster - Adding discovered server ac-itx4z4c-shard-00-02.vzemmp8.mongodb.net:27017 to client view of cluster
2026-08-13 17:17:37 [cluster-ClusterId{value='6a7daed9abbd9123adb641a6', description='null'}-srv-cluster0.vzemmp8.mongodb.net] INFO  org.mongodb.driver.cluster - Adding discovered server ac-itx4z4c-shard-00-01.vzemmp8.mongodb.net:27017 to client view of cluster
2026-08-13 17:17:37 [main] INFO  org.mongodb.driver.cluster - No server chosen by com.mongodb.client.internal.MongoClientDelegate$1@e9474f from cluster description ClusterDescription{type=REPLICA_SET, connectionMode=MULTIPLE, serverDescriptions=[ServerDescription{address=ac-itx4z4c-shard-00-00.vzemmp8.mongodb.net:27017, type=UNKNOWN, state=CONNECTING}, ServerDescription{address=ac-itx4z4c-shard-00-01.vzemmp8.mongodb.net:27017, type=UNKNOWN, state=CONNECTING}, ServerDescription{address=ac-itx4z4c-shard-00-02.vzemmp8.mongodb.net:27017, type=UNKNOWN, state=CONNECTING}]}. Waiting for 30000 ms before timing out
2026-08-13 17:17:37 [cluster-ClusterId{value='6a7daed9abbd9123adb641a6', description='null'}-ac-itx4z4c-shard-00-01.vzemmp8.mongodb.net:27017] INFO  org.mongodb.driver.connection - Opened connection [connectionId{localValue:1, serverValue:95085}] to ac-itx4z4c-shard-00-01.vzemmp8.mongodb.net:27017
2026-08-13 17:17:37 [cluster-ClusterId{value='6a7daed9abbd9123adb641a6', description='null'}-ac-itx4z4c-shard-00-02.vzemmp8.mongodb.net:27017] INFO  org.mongodb.driver.connection - Opened connection [connectionId{localValue:5, serverValue:100932}] to ac-itx4z4c-shard-00-02.vzemmp8.mongodb.net:27017
2026-08-13 17:17:37 [cluster-rtt-ClusterId{value='6a7daed9abbd9123adb641a6', description='null'}-ac-itx4z4c-shard-00-01.vzemmp8.mongodb.net:27017] INFO  org.mongodb.driver.connection - Opened connection [connectionId{localValue:4, serverValue:95069}] to ac-itx4z4c-shard-00-01.vzemmp8.mongodb.net:27017
2026-08-13 17:17:37 [cluster-ClusterId{value='6a7daed9abbd9123adb641a6', description='null'}-ac-itx4z4c-shard-00-00.vzemmp8.mongodb.net:27017] INFO  org.mongodb.driver.connection - Opened connection [connectionId{localValue:6, serverValue:96921}] to ac-itx4z4c-shard-00-00.vzemmp8.mongodb.net:27017
2026-08-13 17:17:37 [cluster-rtt-ClusterId{value='6a7daed9abbd9123adb641a6', description='null'}-ac-itx4z4c-shard-00-02.vzemmp8.mongodb.net:27017] INFO  org.mongodb.driver.connection - Opened connection [connectionId{localValue:2, serverValue:100932}] to ac-itx4z4c-shard-00-02.vzemmp8.mongodb.net:27017
2026-08-13 17:17:37 [cluster-rtt-ClusterId{value='6a7daed9abbd9123adb641a6', description='null'}-ac-itx4z4c-shard-00-00.vzemmp8.mongodb.net:27017] INFO  org.mongodb.driver.connection - Opened connection [connectionId{localValue:3, serverValue:96921}] to ac-itx4z4c-shard-00-00.vzemmp8.mongodb.net:27017
2026-08-13 17:17:37 [cluster-ClusterId{value='6a7daed9abbd9123adb641a6', description='null'}-ac-itx4z4c-shard-00-01.vzemmp8.mongodb.net:27017] INFO  org.mongodb.driver.cluster - Monitor thread successfully connected to server with description ServerDescription{address=ac-itx4z4c-shard-00-01.vzemmp8.mongodb.net:27017, type=REPLICA_SET_SECONDARY, state=CONNECTED, ok=true, minWireVersion=0, maxWireVersion=25, maxDocumentSize=16777216, logicalSessionTimeoutMinutes=30, roundTripTimeNanos=188270400, setName='atlas-qapv5b-shard-0', canonicalAddress=ac-itx4z4c-shard-00-01.vzemmp8.mongodb.net:27017, hosts=[ac-itx4z4c-shard-00-02.vzemmp8.mongodb.net:27017, ac-itx4z4c-shard-00-00.vzemmp8.mongodb.net:27017, ac-itx4z4c-shard-00-01.vzemmp8.mongodb.net:27017], passives=[], arbiters=[], primary='ac-itx4z4c-shard-00-02.vzemmp8.mongodb.net:27017', tagSet=TagSet{[Tag{name='availabilityZone', value='aps1-az3'}, Tag{name='cacheState', value='READY'}, Tag{name='diskState', value='READY'}, Tag{name='nodeType', value='ELECTABLE'}, Tag{name='provider', value='AWS'}, Tag{name='region', value='AP_SOUTH_1'}, Tag{name='workloadType', value='OPERATIONAL'}]}, electionId=null, setVersion=244, topologyVersion=TopologyVersion{processId=6a7a3594533da2db865c91b2, counter=5}, lastWriteDate=Thu Aug 13 17:17:36 IST 2026, lastUpdateTimeNanos=15339513822300}
2026-08-13 17:17:37 [cluster-ClusterId{value='6a7daed9abbd9123adb641a6', description='null'}-ac-itx4z4c-shard-00-02.vzemmp8.mongodb.net:27017] INFO  org.mongodb.driver.cluster - Monitor thread successfully connected to server with description ServerDescription{address=ac-itx4z4c-shard-00-02.vzemmp8.mongodb.net:27017, type=REPLICA_SET_PRIMARY, state=CONNECTED, ok=true, minWireVersion=0, maxWireVersion=25, maxDocumentSize=16777216, logicalSessionTimeoutMinutes=30, roundTripTimeNanos=189302700, setName='atlas-qapv5b-shard-0', canonicalAddress=ac-itx4z4c-shard-00-02.vzemmp8.mongodb.net:27017, hosts=[ac-itx4z4c-shard-00-02.vzemmp8.mongodb.net:27017, ac-itx4z4c-shard-00-00.vzemmp8.mongodb.net:27017, ac-itx4z4c-shard-00-01.vzemmp8.mongodb.net:27017], passives=[], arbiters=[], primary='ac-itx4z4c-shard-00-02.vzemmp8.mongodb.net:27017', tagSet=TagSet{[Tag{name='availabilityZone', value='aps1-az2'}, Tag{name='cacheState', value='READY'}, Tag{name='diskState', value='READY'}, Tag{name='nodeType', value='ELECTABLE'}, Tag{name='provider', value='AWS'}, Tag{name='region', value='AP_SOUTH_1'}, Tag{name='workloadType', value='OPERATIONAL'}]}, electionId=7fffffff000000000000029f, setVersion=244, topologyVersion=TopologyVersion{processId=6a7a32f61f3e2c2ad063f6a0, counter=11}, lastWriteDate=Thu Aug 13 17:17:36 IST 2026, lastUpdateTimeNanos=15339513822400}
2026-08-13 17:17:37 [cluster-ClusterId{value='6a7daed9abbd9123adb641a6', description='null'}-ac-itx4z4c-shard-00-00.vzemmp8.mongodb.net:27017] INFO  org.mongodb.driver.cluster - Monitor thread successfully connected to server with description ServerDescription{address=ac-itx4z4c-shard-00-00.vzemmp8.mongodb.net:27017, type=REPLICA_SET_SECONDARY, state=CONNECTED, ok=true, minWireVersion=0, maxWireVersion=25, maxDocumentSize=16777216, logicalSessionTimeoutMinutes=30, roundTripTimeNanos=191457100, setName='atlas-qapv5b-shard-0', canonicalAddress=ac-itx4z4c-shard-00-00.vzemmp8.mongodb.net:27017, hosts=[ac-itx4z4c-shard-00-02.vzemmp8.mongodb.net:27017, ac-itx4z4c-shard-00-00.vzemmp8.mongodb.net:27017, ac-itx4z4c-shard-00-01.vzemmp8.mongodb.net:27017], passives=[], arbiters=[], primary='ac-itx4z4c-shard-00-02.vzemmp8.mongodb.net:27017', tagSet=TagSet{[Tag{name='availabilityZone', value='aps1-az1'}, Tag{name='cacheState', value='READY'}, Tag{name='diskState', value='READY'}, Tag{name='nodeType', value='ELECTABLE'}, Tag{name='provider', value='AWS'}, Tag{name='region', value='AP_SOUTH_1'}, Tag{name='workloadType', value='OPERATIONAL'}]}, electionId=null, setVersion=244, topologyVersion=TopologyVersion{processId=6a7a3015ffb494b6ac6cc523, counter=15}, lastWriteDate=Thu Aug 13 17:17:36 IST 2026, lastUpdateTimeNanos=15339514253500}
2026-08-13 17:17:37 [cluster-ClusterId{value='6a7daed9abbd9123adb641a6', description='null'}-ac-itx4z4c-shard-00-02.vzemmp8.mongodb.net:27017] INFO  org.mongodb.driver.cluster - Setting max election id to 7fffffff000000000000029f from replica set primary ac-itx4z4c-shard-00-02.vzemmp8.mongodb.net:27017
2026-08-13 17:17:37 [cluster-ClusterId{value='6a7daed9abbd9123adb641a6', description='null'}-ac-itx4z4c-shard-00-02.vzemmp8.mongodb.net:27017] INFO  org.mongodb.driver.cluster - Setting max set version to 244 from replica set primary ac-itx4z4c-shard-00-02.vzemmp8.mongodb.net:27017
2026-08-13 17:17:37 [cluster-ClusterId{value='6a7daed9abbd9123adb641a6', description='null'}-ac-itx4z4c-shard-00-02.vzemmp8.mongodb.net:27017] INFO  org.mongodb.driver.cluster - Discovered replica set primary ac-itx4z4c-shard-00-02.vzemmp8.mongodb.net:27017
2026-08-13 17:17:37 [main] INFO  org.mongodb.driver.connection - Opened connection [connectionId{localValue:7, serverValue:100970}] to ac-itx4z4c-shard-00-02.vzemmp8.mongodb.net:27017
2026-08-13 17:17:37 [main] INFO  o.s.s.web.DefaultSecurityFilterChain - Will secure any request with [org.springframework.security.web.session.DisableEncodeUrlFilter@3de79067, org.springframework.security.web.context.request.async.WebAsyncManagerIntegrationFilter@1eb85a47, org.springframework.security.web.context.SecurityContextPersistenceFilter@2017f6e6, org.springframework.security.web.header.HeaderWriterFilter@2c9fdb64, org.springframework.security.web.authentication.logout.LogoutFilter@788e3702, org.springframework.security.web.authentication.www.BasicAuthenticationFilter@935493d, org.springframework.security.web.savedrequest.RequestCacheAwareFilter@79ca7bea, org.springframework.security.web.servletapi.SecurityContextHolderAwareRequestFilter@147cc940, org.springframework.security.web.authentication.AnonymousAuthenticationFilter@ca7e37f, org.springframework.security.web.session.SessionManagementFilter@61da0413, org.springframework.security.web.access.ExceptionTranslationFilter@624b3544, org.springframework.security.web.access.intercept.AuthorizationFilter@241b971f]
2026-08-13 17:17:37 [main] INFO  o.a.coyote.http11.Http11NioProtocol - Starting ProtocolHandler ["http-nio-8080"]
2026-08-13 17:17:38 [main] INFO  o.s.b.w.e.tomcat.TomcatWebServer - Tomcat started on port(s): 8080 (http) with context path '/journal'
2026-08-13 17:17:38 [main] INFO  n.e.journalApp.JournalApplication - Started JournalApplication in 2.08 seconds (JVM running for 2.336)
2026-08-13 17:17:39 [http-nio-8080-exec-2] INFO  o.a.c.c.C.[.[localhost].[/journal] - Initializing Spring DispatcherServlet 'dispatcherServlet'
2026-08-13 17:17:39 [http-nio-8080-exec-2] INFO  o.s.web.servlet.DispatcherServlet - Initializing Servlet 'dispatcherServlet'
2026-08-13 17:17:39 [http-nio-8080-exec-2] INFO  o.s.web.servlet.DispatcherServlet - Completed initialization in 1 ms
2026-08-13 17:17:39 [http-nio-8080-exec-2] ERROR n.e.j.Controllers.UserController - new user with name fgdsdwrtreters and password = sdsdsdsdsds is created.
2026-08-13 17:17:49 [http-nio-8080-exec-3] ERROR n.e.j.Controllers.UserController - new user with name fgdsdwrtreters and password = sdsdsdsdsds is created.
2026-08-13 17:20:56 [http-nio-8080-exec-10] ERROR n.e.j.Controllers.UserController - new user with name fgdsdwrtreters and password = sdsdsdsdsds is created.
2026-08-13 17:22:19 [main] INFO  n.e.journalApp.JournalApplication - Starting JournalApplication using Java 25.0.1 on Ezio with PID 20080 (D:\Playground\Engineering Digest\SpringBoot\InitialAuthBasedJournal\journalApp\target\classes started by afaqa in D:\Playground\Engineering Digest\SpringBoot\InitialAuthBasedJournal)
2026-08-13 17:22:19 [main] INFO  n.e.journalApp.JournalApplication - The following 1 profile is active: "dev"
2026-08-13 17:22:19 [main] INFO  o.s.d.r.c.RepositoryConfigurationDelegate - Bootstrapping Spring Data MongoDB repositories in DEFAULT mode.
2026-08-13 17:22:19 [main] INFO  o.s.d.r.c.RepositoryConfigurationDelegate - Finished Spring Data repository scanning in 21 ms. Found 2 MongoDB repository interfaces.
2026-08-13 17:22:19 [main] INFO  o.s.b.w.e.tomcat.TomcatWebServer - Tomcat initialized with port(s): 8080 (http)
2026-08-13 17:22:19 [main] INFO  o.a.coyote.http11.Http11NioProtocol - Initializing ProtocolHandler ["http-nio-8080"]
2026-08-13 17:22:19 [main] INFO  o.a.catalina.core.StandardService - Starting service [Tomcat]
2026-08-13 17:22:19 [main] INFO  o.a.catalina.core.StandardEngine - Starting Servlet engine: [Apache Tomcat/9.0.80]
2026-08-13 17:22:19 [main] INFO  o.a.c.c.C.[.[localhost].[/journal] - Initializing Spring embedded WebApplicationContext
2026-08-13 17:22:19 [main] INFO  o.s.b.w.s.c.ServletWebServerApplicationContext - Root WebApplicationContext: initialization completed in 633 ms
2026-08-13 17:22:20 [main] INFO  org.mongodb.driver.client - MongoClient with metadata {"driver": {"name": "mongo-java-driver|sync|spring-boot", "version": "4.6.1"}, "os": {"type": "Windows", "name": "Windows 11", "architecture": "amd64", "version": "10.0"}, "platform": "Java/Oracle Corporation/25.0.1+8-27", "application": {"name": "Cluster0"}} created with settings MongoClientSettings{readPreference=primary, writeConcern=WriteConcern{w=null, wTimeout=null ms, journal=null}, retryWrites=true, retryReads=true, readConcern=ReadConcern{level=null}, credential=MongoCredential{mechanism=null, userName='afaqalam323_db_user', source='admin', password=<hidden>, mechanismProperties=<hidden>}, streamFactoryFactory=null, commandListeners=[], codecRegistry=ProvidersCodecRegistry{codecProviders=[ValueCodecProvider{}, BsonValueCodecProvider{}, DBRefCodecProvider{}, DBObjectCodecProvider{}, DocumentCodecProvider{}, IterableCodecProvider{}, MapCodecProvider{}, GeoJsonCodecProvider{}, GridFSFileCodecProvider{}, Jsr310CodecProvider{}, JsonObjectCodecProvider{}, BsonCodecProvider{}, EnumCodecProvider{}, com.mongodb.Jep395RecordCodecProvider@7bd96822]}, clusterSettings={hosts=[127.0.0.1:27017], srvHost=cluster0.vzemmp8.mongodb.net, srvServiceName=mongodb, mode=MULTIPLE, requiredClusterType=REPLICA_SET, requiredReplicaSetName='atlas-qapv5b-shard-0', serverSelector='null', clusterListeners='[]', serverSelectionTimeout='30000 ms', localThreshold='30000 ms'}, socketSettings=SocketSettings{connectTimeoutMS=10000, readTimeoutMS=0, receiveBufferSize=0, sendBufferSize=0}, heartbeatSocketSettings=SocketSettings{connectTimeoutMS=10000, readTimeoutMS=10000, receiveBufferSize=0, sendBufferSize=0}, connectionPoolSettings=ConnectionPoolSettings{maxSize=100, minSize=0, maxWaitTimeMS=120000, maxConnectionLifeTimeMS=0, maxConnectionIdleTimeMS=0, maintenanceInitialDelayMS=0, maintenanceFrequencyMS=60000, connectionPoolListeners=[], maxConnecting=2}, serverSettings=ServerSettings{heartbeatFrequencyMS=10000, minHeartbeatFrequencyMS=500, serverListeners='[]', serverMonitorListeners='[]'}, sslSettings=SslSettings{enabled=true, invalidHostNameAllowed=false, context=null}, applicationName='Cluster0', compressorList=[], uuidRepresentation=JAVA_LEGACY, serverApi=null, autoEncryptionSettings=null, contextProvider=null}
2026-08-13 17:22:20 [cluster-ClusterId{value='6a7daff47327a40050cb5770', description='null'}-srv-cluster0.vzemmp8.mongodb.net] INFO  org.mongodb.driver.cluster - Adding discovered server ac-itx4z4c-shard-00-00.vzemmp8.mongodb.net:27017 to client view of cluster
2026-08-13 17:22:20 [cluster-ClusterId{value='6a7daff47327a40050cb5770', description='null'}-srv-cluster0.vzemmp8.mongodb.net] INFO  org.mongodb.driver.cluster - Adding discovered server ac-itx4z4c-shard-00-02.vzemmp8.mongodb.net:27017 to client view of cluster
2026-08-13 17:22:20 [cluster-ClusterId{value='6a7daff47327a40050cb5770', description='null'}-srv-cluster0.vzemmp8.mongodb.net] INFO  org.mongodb.driver.cluster - Adding discovered server ac-itx4z4c-shard-00-01.vzemmp8.mongodb.net:27017 to client view of cluster
2026-08-13 17:22:20 [main] INFO  org.mongodb.driver.cluster - No server chosen by com.mongodb.client.internal.MongoClientDelegate$1@5809fa26 from cluster description ClusterDescription{type=REPLICA_SET, connectionMode=MULTIPLE, serverDescriptions=[ServerDescription{address=ac-itx4z4c-shard-00-00.vzemmp8.mongodb.net:27017, type=UNKNOWN, state=CONNECTING}, ServerDescription{address=ac-itx4z4c-shard-00-01.vzemmp8.mongodb.net:27017, type=UNKNOWN, state=CONNECTING}, ServerDescription{address=ac-itx4z4c-shard-00-02.vzemmp8.mongodb.net:27017, type=UNKNOWN, state=CONNECTING}]}. Waiting for 30000 ms before timing out
2026-08-13 17:22:20 [cluster-rtt-ClusterId{value='6a7daff47327a40050cb5770', description='null'}-ac-itx4z4c-shard-00-02.vzemmp8.mongodb.net:27017] INFO  org.mongodb.driver.connection - Opened connection [connectionId{localValue:6, serverValue:101161}] to ac-itx4z4c-shard-00-02.vzemmp8.mongodb.net:27017
2026-08-13 17:22:20 [cluster-rtt-ClusterId{value='6a7daff47327a40050cb5770', description='null'}-ac-itx4z4c-shard-00-01.vzemmp8.mongodb.net:27017] INFO  org.mongodb.driver.connection - Opened connection [connectionId{localValue:2, serverValue:95215}] to ac-itx4z4c-shard-00-01.vzemmp8.mongodb.net:27017
2026-08-13 17:22:20 [cluster-ClusterId{value='6a7daff47327a40050cb5770', description='null'}-ac-itx4z4c-shard-00-00.vzemmp8.mongodb.net:27017] INFO  org.mongodb.driver.connection - Opened connection [connectionId{localValue:1, serverValue:97045}] to ac-itx4z4c-shard-00-00.vzemmp8.mongodb.net:27017
2026-08-13 17:22:20 [cluster-rtt-ClusterId{value='6a7daff47327a40050cb5770', description='null'}-ac-itx4z4c-shard-00-00.vzemmp8.mongodb.net:27017] INFO  org.mongodb.driver.connection - Opened connection [connectionId{localValue:5, serverValue:97045}] to ac-itx4z4c-shard-00-00.vzemmp8.mongodb.net:27017
2026-08-13 17:22:20 [cluster-ClusterId{value='6a7daff47327a40050cb5770', description='null'}-ac-itx4z4c-shard-00-01.vzemmp8.mongodb.net:27017] INFO  org.mongodb.driver.connection - Opened connection [connectionId{localValue:3, serverValue:95170}] to ac-itx4z4c-shard-00-01.vzemmp8.mongodb.net:27017
2026-08-13 17:22:20 [cluster-ClusterId{value='6a7daff47327a40050cb5770', description='null'}-ac-itx4z4c-shard-00-02.vzemmp8.mongodb.net:27017] INFO  org.mongodb.driver.connection - Opened connection [connectionId{localValue:4, serverValue:101161}] to ac-itx4z4c-shard-00-02.vzemmp8.mongodb.net:27017
2026-08-13 17:22:20 [cluster-ClusterId{value='6a7daff47327a40050cb5770', description='null'}-ac-itx4z4c-shard-00-00.vzemmp8.mongodb.net:27017] INFO  org.mongodb.driver.cluster - Monitor thread successfully connected to server with description ServerDescription{address=ac-itx4z4c-shard-00-00.vzemmp8.mongodb.net:27017, type=REPLICA_SET_SECONDARY, state=CONNECTED, ok=true, minWireVersion=0, maxWireVersion=25, maxDocumentSize=16777216, logicalSessionTimeoutMinutes=30, roundTripTimeNanos=194395900, setName='atlas-qapv5b-shard-0', canonicalAddress=ac-itx4z4c-shard-00-00.vzemmp8.mongodb.net:27017, hosts=[ac-itx4z4c-shard-00-02.vzemmp8.mongodb.net:27017, ac-itx4z4c-shard-00-00.vzemmp8.mongodb.net:27017, ac-itx4z4c-shard-00-01.vzemmp8.mongodb.net:27017], passives=[], arbiters=[], primary='ac-itx4z4c-shard-00-02.vzemmp8.mongodb.net:27017', tagSet=TagSet{[Tag{name='availabilityZone', value='aps1-az1'}, Tag{name='cacheState', value='READY'}, Tag{name='diskState', value='READY'}, Tag{name='nodeType', value='ELECTABLE'}, Tag{name='provider', value='AWS'}, Tag{name='region', value='AP_SOUTH_1'}, Tag{name='workloadType', value='OPERATIONAL'}]}, electionId=null, setVersion=244, topologyVersion=TopologyVersion{processId=6a7a3015ffb494b6ac6cc523, counter=15}, lastWriteDate=Thu Aug 13 17:22:19 IST 2026, lastUpdateTimeNanos=15622532825800}
2026-08-13 17:22:20 [cluster-ClusterId{value='6a7daff47327a40050cb5770', description='null'}-ac-itx4z4c-shard-00-02.vzemmp8.mongodb.net:27017] INFO  org.mongodb.driver.cluster - Monitor thread successfully connected to server with description ServerDescription{address=ac-itx4z4c-shard-00-02.vzemmp8.mongodb.net:27017, type=REPLICA_SET_PRIMARY, state=CONNECTED, ok=true, minWireVersion=0, maxWireVersion=25, maxDocumentSize=16777216, logicalSessionTimeoutMinutes=30, roundTripTimeNanos=186952000, setName='atlas-qapv5b-shard-0', canonicalAddress=ac-itx4z4c-shard-00-02.vzemmp8.mongodb.net:27017, hosts=[ac-itx4z4c-shard-00-02.vzemmp8.mongodb.net:27017, ac-itx4z4c-shard-00-00.vzemmp8.mongodb.net:27017, ac-itx4z4c-shard-00-01.vzemmp8.mongodb.net:27017], passives=[], arbiters=[], primary='ac-itx4z4c-shard-00-02.vzemmp8.mongodb.net:27017', tagSet=TagSet{[Tag{name='availabilityZone', value='aps1-az2'}, Tag{name='cacheState', value='READY'}, Tag{name='diskState', value='READY'}, Tag{name='nodeType', value='ELECTABLE'}, Tag{name='provider', value='AWS'}, Tag{name='region', value='AP_SOUTH_1'}, Tag{name='workloadType', value='OPERATIONAL'}]}, electionId=7fffffff000000000000029f, setVersion=244, topologyVersion=TopologyVersion{processId=6a7a32f61f3e2c2ad063f6a0, counter=11}, lastWriteDate=Thu Aug 13 17:22:19 IST 2026, lastUpdateTimeNanos=15622533254800}
2026-08-13 17:22:20 [cluster-ClusterId{value='6a7daff47327a40050cb5770', description='null'}-ac-itx4z4c-shard-00-01.vzemmp8.mongodb.net:27017] INFO  org.mongodb.driver.cluster - Monitor thread successfully connected to server with description ServerDescription{address=ac-itx4z4c-shard-00-01.vzemmp8.mongodb.net:27017, type=REPLICA_SET_SECONDARY, state=CONNECTED, ok=true, minWireVersion=0, maxWireVersion=25, maxDocumentSize=16777216, logicalSessionTimeoutMinutes=30, roundTripTimeNanos=194638100, setName='atlas-qapv5b-shard-0', canonicalAddress=ac-itx4z4c-shard-00-01.vzemmp8.mongodb.net:27017, hosts=[ac-itx4z4c-shard-00-02.vzemmp8.mongodb.net:27017, ac-itx4z4c-shard-00-00.vzemmp8.mongodb.net:27017, ac-itx4z4c-shard-00-01.vzemmp8.mongodb.net:27017], passives=[], arbiters=[], primary='ac-itx4z4c-shard-00-02.vzemmp8.mongodb.net:27017', tagSet=TagSet{[Tag{name='availabilityZone', value='aps1-az3'}, Tag{name='cacheState', value='READY'}, Tag{name='diskState', value='READY'}, Tag{name='nodeType', value='ELECTABLE'}, Tag{name='provider', value='AWS'}, Tag{name='region', value='AP_SOUTH_1'}, Tag{name='workloadType', value='OPERATIONAL'}]}, electionId=null, setVersion=244, topologyVersion=TopologyVersion{processId=6a7a3594533da2db865c91b2, counter=5}, lastWriteDate=Thu Aug 13 17:22:19 IST 2026, lastUpdateTimeNanos=15622532873700}
2026-08-13 17:22:20 [cluster-ClusterId{value='6a7daff47327a40050cb5770', description='null'}-ac-itx4z4c-shard-00-02.vzemmp8.mongodb.net:27017] INFO  org.mongodb.driver.cluster - Setting max election id to 7fffffff000000000000029f from replica set primary ac-itx4z4c-shard-00-02.vzemmp8.mongodb.net:27017
2026-08-13 17:22:20 [cluster-ClusterId{value='6a7daff47327a40050cb5770', description='null'}-ac-itx4z4c-shard-00-02.vzemmp8.mongodb.net:27017] INFO  org.mongodb.driver.cluster - Setting max set version to 244 from replica set primary ac-itx4z4c-shard-00-02.vzemmp8.mongodb.net:27017
2026-08-13 17:22:20 [cluster-ClusterId{value='6a7daff47327a40050cb5770', description='null'}-ac-itx4z4c-shard-00-02.vzemmp8.mongodb.net:27017] INFO  org.mongodb.driver.cluster - Discovered replica set primary ac-itx4z4c-shard-00-02.vzemmp8.mongodb.net:27017
2026-08-13 17:22:20 [main] INFO  org.mongodb.driver.connection - Opened connection [connectionId{localValue:7, serverValue:101161}] to ac-itx4z4c-shard-00-02.vzemmp8.mongodb.net:27017
2026-08-13 17:22:20 [main] INFO  o.s.s.web.DefaultSecurityFilterChain - Will secure any request with [org.springframework.security.web.session.DisableEncodeUrlFilter@79195c22, org.springframework.security.web.context.request.async.WebAsyncManagerIntegrationFilter@c9b5a99, org.springframework.security.web.context.SecurityContextPersistenceFilter@7364f68, org.springframework.security.web.header.HeaderWriterFilter@723742b2, org.springframework.security.web.authentication.logout.LogoutFilter@36d582cb, org.springframework.security.web.authentication.www.BasicAuthenticationFilter@5384ce66, org.springframework.security.web.savedrequest.RequestCacheAwareFilter@7ea42c82, org.springframework.security.web.servletapi.SecurityContextHolderAwareRequestFilter@106c988, org.springframework.security.web.authentication.AnonymousAuthenticationFilter@70be89ec, org.springframework.security.web.session.SessionManagementFilter@2c9fdb64, org.springframework.security.web.access.ExceptionTranslationFilter@629075f4, org.springframework.security.web.access.intercept.AuthorizationFilter@3869a6e5]
2026-08-13 17:22:20 [main] INFO  o.a.coyote.http11.Http11NioProtocol - Starting ProtocolHandler ["http-nio-8080"]
2026-08-13 17:22:20 [main] INFO  o.s.b.w.e.tomcat.TomcatWebServer - Tomcat started on port(s): 8080 (http) with context path '/journal'
2026-08-13 17:22:20 [main] INFO  n.e.journalApp.JournalApplication - Started JournalApplication in 1.996 seconds (JVM running for 2.235)
2026-08-13 17:22:23 [http-nio-8080-exec-1] INFO  o.a.c.c.C.[.[localhost].[/journal] - Initializing Spring DispatcherServlet 'dispatcherServlet'
2026-08-13 17:22:23 [http-nio-8080-exec-1] INFO  o.s.web.servlet.DispatcherServlet - Initializing Servlet 'dispatcherServlet'
2026-08-13 17:22:23 [http-nio-8080-exec-1] INFO  o.s.web.servlet.DispatcherServlet - Completed initialization in 0 ms
2026-08-13 17:22:34 [http-nio-8080-exec-10] ERROR n.e.j.Controllers.UserController - credentials not passed properly
2026-08-13 17:22:37 [http-nio-8080-exec-5] ERROR n.e.j.Controllers.UserController - credentials not passed properly
2026-08-13 17:23:00 [http-nio-8080-exec-6] ERROR n.e.j.Controllers.UserController - credentials not passed properly
2026-08-13 17:23:10 [http-nio-8080-exec-7] ERROR n.e.j.Controllers.UserController - credentials not passed properly
2026-08-13 17:31:48 [main] ERROR o.s.boot.SpringApplication - Application run failed
java.lang.IllegalStateException: java.lang.IllegalStateException: Logback configuration error detected: 
ERROR in ch.qos.logback.core.rolling.RollingFileAppender[FILE] - File property must be set before any triggeringPolicy or rollingPolicy properties
ERROR in ch.qos.logback.core.rolling.RollingFileAppender[FILE] - For more information, please visit http://logback.qos.ch/codes.html#rfa_file_after
	at org.springframework.boot.context.logging.LoggingApplicationListener.initializeSystem(LoggingApplicationListener.java:344)
	at org.springframework.boot.context.logging.LoggingApplicationListener.initialize(LoggingApplicationListener.java:298)
	at org.springframework.boot.context.logging.LoggingApplicationListener.onApplicationEnvironmentPreparedEvent(LoggingApplicationListener.java:246)
	at org.springframework.boot.context.logging.LoggingApplicationListener.onApplicationEvent(LoggingApplicationListener.java:223)
	at org.springframework.context.event.SimpleApplicationEventMulticaster.doInvokeListener(SimpleApplicationEventMulticaster.java:178)
	at org.springframework.context.event.SimpleApplicationEventMulticaster.invokeListener(SimpleApplicationEventMulticaster.java:171)
	at org.springframework.context.event.SimpleApplicationEventMulticaster.multicastEvent(SimpleApplicationEventMulticaster.java:145)
	at org.springframework.context.event.SimpleApplicationEventMulticaster.multicastEvent(SimpleApplicationEventMulticaster.java:133)
	at org.springframework.boot.context.event.EventPublishingRunListener.environmentPrepared(EventPublishingRunListener.java:85)
	at org.springframework.boot.SpringApplicationRunListeners.lambda$environmentPrepared$2(SpringApplicationRunListeners.java:66)
	at java.base/java.util.ArrayList.forEach(ArrayList.java:1604)
	at org.springframework.boot.SpringApplicationRunListeners.doWithListeners(SpringApplicationRunListeners.java:120)
	at org.springframework.boot.SpringApplicationRunListeners.doWithListeners(SpringApplicationRunListeners.java:114)
	at org.springframework.boot.SpringApplicationRunListeners.environmentPrepared(SpringApplicationRunListeners.java:65)
	at org.springframework.boot.SpringApplication.prepareEnvironment(SpringApplication.java:343)
	at org.springframework.boot.SpringApplication.run(SpringApplication.java:301)
	at org.springframework.boot.SpringApplication.run(SpringApplication.java:1303)
	at org.springframework.boot.SpringApplication.run(SpringApplication.java:1292)
	at net.engineeringdigest.journalApp.JournalApplication.main(JournalApplication.java:17)
Caused by: java.lang.IllegalStateException: Logback configuration error detected: 
ERROR in ch.qos.logback.core.rolling.RollingFileAppender[FILE] - File property must be set before any triggeringPolicy or rollingPolicy properties
ERROR in ch.qos.logback.core.rolling.RollingFileAppender[FILE] - For more information, please visit http://logback.qos.ch/codes.html#rfa_file_after
	at org.springframework.boot.logging.logback.LogbackLoggingSystem.reportConfigurationErrorsIfNecessary(LogbackLoggingSystem.java:189)
	at org.springframework.boot.logging.logback.LogbackLoggingSystem.loadConfiguration(LogbackLoggingSystem.java:170)
	at org.springframework.boot.logging.logback.LogbackLoggingSystem.reinitialize(LogbackLoggingSystem.java:243)
	at org.springframework.boot.logging.AbstractLoggingSystem.initializeWithConventions(AbstractLoggingSystem.java:73)
	at org.springframework.boot.logging.AbstractLoggingSystem.initialize(AbstractLoggingSystem.java:60)
	at org.springframework.boot.logging.logback.LogbackLoggingSystem.initialize(LogbackLoggingSystem.java:132)
	at org.springframework.boot.context.logging.LoggingApplicationListener.initializeSystem(LoggingApplicationListener.java:329)
	... 18 common frames omitted
2026-08-13 17:32:14 [main] ERROR o.s.boot.SpringApplication - Application run failed
java.lang.IllegalStateException: java.lang.IllegalStateException: Logback configuration error detected: 
ERROR in ch.qos.logback.core.rolling.RollingFileAppender[FILE] - File property must be set before any triggeringPolicy or rollingPolicy properties
ERROR in ch.qos.logback.core.rolling.RollingFileAppender[FILE] - For more information, please visit http://logback.qos.ch/codes.html#rfa_file_after
	at org.springframework.boot.context.logging.LoggingApplicationListener.initializeSystem(LoggingApplicationListener.java:344)
	at org.springframework.boot.context.logging.LoggingApplicationListener.initialize(LoggingApplicationListener.java:298)
	at org.springframework.boot.context.logging.LoggingApplicationListener.onApplicationEnvironmentPreparedEvent(LoggingApplicationListener.java:246)
	at org.springframework.boot.context.logging.LoggingApplicationListener.onApplicationEvent(LoggingApplicationListener.java:223)
	at org.springframework.context.event.SimpleApplicationEventMulticaster.doInvokeListener(SimpleApplicationEventMulticaster.java:178)
	at org.springframework.context.event.SimpleApplicationEventMulticaster.invokeListener(SimpleApplicationEventMulticaster.java:171)
	at org.springframework.context.event.SimpleApplicationEventMulticaster.multicastEvent(SimpleApplicationEventMulticaster.java:145)
	at org.springframework.context.event.SimpleApplicationEventMulticaster.multicastEvent(SimpleApplicationEventMulticaster.java:133)
	at org.springframework.boot.context.event.EventPublishingRunListener.environmentPrepared(EventPublishingRunListener.java:85)
	at org.springframework.boot.SpringApplicationRunListeners.lambda$environmentPrepared$2(SpringApplicationRunListeners.java:66)
	at java.base/java.util.ArrayList.forEach(ArrayList.java:1604)
	at org.springframework.boot.SpringApplicationRunListeners.doWithListeners(SpringApplicationRunListeners.java:120)
	at org.springframework.boot.SpringApplicationRunListeners.doWithListeners(SpringApplicationRunListeners.java:114)
	at org.springframework.boot.SpringApplicationRunListeners.environmentPrepared(SpringApplicationRunListeners.java:65)
	at org.springframework.boot.SpringApplication.prepareEnvironment(SpringApplication.java:343)
	at org.springframework.boot.SpringApplication.run(SpringApplication.java:301)
	at org.springframework.boot.SpringApplication.run(SpringApplication.java:1303)
	at org.springframework.boot.SpringApplication.run(SpringApplication.java:1292)
	at net.engineeringdigest.journalApp.JournalApplication.main(JournalApplication.java:17)
Caused by: java.lang.IllegalStateException: Logback configuration error detected: 
ERROR in ch.qos.logback.core.rolling.RollingFileAppender[FILE] - File property must be set before any triggeringPolicy or rollingPolicy properties
ERROR in ch.qos.logback.core.rolling.RollingFileAppender[FILE] - For more information, please visit http://logback.qos.ch/codes.html#rfa_file_after
	at org.springframework.boot.logging.logback.LogbackLoggingSystem.reportConfigurationErrorsIfNecessary(LogbackLoggingSystem.java:189)
	at org.springframework.boot.logging.logback.LogbackLoggingSystem.loadConfiguration(LogbackLoggingSystem.java:170)
	at org.springframework.boot.logging.logback.LogbackLoggingSystem.reinitialize(LogbackLoggingSystem.java:243)
	at org.springframework.boot.logging.AbstractLoggingSystem.initializeWithConventions(AbstractLoggingSystem.java:73)
	at org.springframework.boot.logging.AbstractLoggingSystem.initialize(AbstractLoggingSystem.java:60)
	at org.springframework.boot.logging.logback.LogbackLoggingSystem.initialize(LogbackLoggingSystem.java:132)
	at org.springframework.boot.context.logging.LoggingApplicationListener.initializeSystem(LoggingApplicationListener.java:329)
	... 18 common frames omitted
2026-08-13 17:36:35 [main] INFO  n.e.journalApp.JournalApplication - Starting JournalApplication using Java 25.0.1 on Ezio with PID 19160 (D:\Playground\Engineering Digest\SpringBoot\InitialAuthBasedJournal\journalApp\target\classes started by afaqa in D:\Playground\Engineering Digest\SpringBoot\InitialAuthBasedJournal)
2026-08-13 17:36:35 [main] INFO  n.e.journalApp.JournalApplication - The following 1 profile is active: "dev"
2026-08-13 17:36:36 [main] INFO  o.s.d.r.c.RepositoryConfigurationDelegate - Bootstrapping Spring Data MongoDB repositories in DEFAULT mode.
2026-08-13 17:36:36 [main] INFO  o.s.d.r.c.RepositoryConfigurationDelegate - Finished Spring Data repository scanning in 24 ms. Found 2 MongoDB repository interfaces.
2026-08-13 17:36:36 [main] INFO  o.s.b.w.e.tomcat.TomcatWebServer - Tomcat initialized with port(s): 8080 (http)
2026-08-13 17:36:36 [main] INFO  o.a.coyote.http11.Http11NioProtocol - Initializing ProtocolHandler ["http-nio-8080"]
2026-08-13 17:36:36 [main] INFO  o.a.catalina.core.StandardService - Starting service [Tomcat]
2026-08-13 17:36:36 [main] INFO  o.a.catalina.core.StandardEngine - Starting Servlet engine: [Apache Tomcat/9.0.80]
2026-08-13 17:36:36 [main] INFO  o.a.c.c.C.[.[localhost].[/journal] - Initializing Spring embedded WebApplicationContext
2026-08-13 17:36:36 [main] INFO  o.s.b.w.s.c.ServletWebServerApplicationContext - Root WebApplicationContext: initialization completed in 602 ms
2026-08-13 17:36:36 [main] INFO  org.mongodb.driver.client - MongoClient with metadata {"driver": {"name": "mongo-java-driver|sync|spring-boot", "version": "4.6.1"}, "os": {"type": "Windows", "name": "Windows 11", "architecture": "amd64", "version": "10.0"}, "platform": "Java/Oracle Corporation/25.0.1+8-27", "application": {"name": "Cluster0"}} created with settings MongoClientSettings{readPreference=primary, writeConcern=WriteConcern{w=null, wTimeout=null ms, journal=null}, retryWrites=true, retryReads=true, readConcern=ReadConcern{level=null}, credential=MongoCredential{mechanism=null, userName='afaqalam323_db_user', source='admin', password=<hidden>, mechanismProperties=<hidden>}, streamFactoryFactory=null, commandListeners=[], codecRegistry=ProvidersCodecRegistry{codecProviders=[ValueCodecProvider{}, BsonValueCodecProvider{}, DBRefCodecProvider{}, DBObjectCodecProvider{}, DocumentCodecProvider{}, IterableCodecProvider{}, MapCodecProvider{}, GeoJsonCodecProvider{}, GridFSFileCodecProvider{}, Jsr310CodecProvider{}, JsonObjectCodecProvider{}, BsonCodecProvider{}, EnumCodecProvider{}, com.mongodb.Jep395RecordCodecProvider@2ffb3aec]}, clusterSettings={hosts=[127.0.0.1:27017], srvHost=cluster0.vzemmp8.mongodb.net, srvServiceName=mongodb, mode=MULTIPLE, requiredClusterType=REPLICA_SET, requiredReplicaSetName='atlas-qapv5b-shard-0', serverSelector='null', clusterListeners='[]', serverSelectionTimeout='30000 ms', localThreshold='30000 ms'}, socketSettings=SocketSettings{connectTimeoutMS=10000, readTimeoutMS=0, receiveBufferSize=0, sendBufferSize=0}, heartbeatSocketSettings=SocketSettings{connectTimeoutMS=10000, readTimeoutMS=10000, receiveBufferSize=0, sendBufferSize=0}, connectionPoolSettings=ConnectionPoolSettings{maxSize=100, minSize=0, maxWaitTimeMS=120000, maxConnectionLifeTimeMS=0, maxConnectionIdleTimeMS=0, maintenanceInitialDelayMS=0, maintenanceFrequencyMS=60000, connectionPoolListeners=[], maxConnecting=2}, serverSettings=ServerSettings{heartbeatFrequencyMS=10000, minHeartbeatFrequencyMS=500, serverListeners='[]', serverMonitorListeners='[]'}, sslSettings=SslSettings{enabled=true, invalidHostNameAllowed=false, context=null}, applicationName='Cluster0', compressorList=[], uuidRepresentation=JAVA_LEGACY, serverApi=null, autoEncryptionSettings=null, contextProvider=null}
2026-08-13 17:36:36 [cluster-ClusterId{value='6a7db34c30cf2b6ff22c23a9', description='null'}-srv-cluster0.vzemmp8.mongodb.net] INFO  org.mongodb.driver.cluster - Adding discovered server ac-itx4z4c-shard-00-00.vzemmp8.mongodb.net:27017 to client view of cluster
2026-08-13 17:36:36 [cluster-ClusterId{value='6a7db34c30cf2b6ff22c23a9', description='null'}-srv-cluster0.vzemmp8.mongodb.net] INFO  org.mongodb.driver.cluster - Adding discovered server ac-itx4z4c-shard-00-02.vzemmp8.mongodb.net:27017 to client view of cluster
2026-08-13 17:36:36 [cluster-ClusterId{value='6a7db34c30cf2b6ff22c23a9', description='null'}-srv-cluster0.vzemmp8.mongodb.net] INFO  org.mongodb.driver.cluster - Adding discovered server ac-itx4z4c-shard-00-01.vzemmp8.mongodb.net:27017 to client view of cluster
2026-08-13 17:36:36 [main] INFO  org.mongodb.driver.cluster - No server chosen by com.mongodb.client.internal.MongoClientDelegate$1@764b14b8 from cluster description ClusterDescription{type=REPLICA_SET, connectionMode=MULTIPLE, serverDescriptions=[ServerDescription{address=ac-itx4z4c-shard-00-00.vzemmp8.mongodb.net:27017, type=UNKNOWN, state=CONNECTING}, ServerDescription{address=ac-itx4z4c-shard-00-01.vzemmp8.mongodb.net:27017, type=UNKNOWN, state=CONNECTING}, ServerDescription{address=ac-itx4z4c-shard-00-02.vzemmp8.mongodb.net:27017, type=UNKNOWN, state=CONNECTING}]}. Waiting for 30000 ms before timing out
2026-08-13 17:36:37 [cluster-rtt-ClusterId{value='6a7db34c30cf2b6ff22c23a9', description='null'}-ac-itx4z4c-shard-00-00.vzemmp8.mongodb.net:27017] INFO  org.mongodb.driver.connection - Opened connection [connectionId{localValue:2, serverValue:97396}] to ac-itx4z4c-shard-00-00.vzemmp8.mongodb.net:27017
2026-08-13 17:36:37 [cluster-rtt-ClusterId{value='6a7db34c30cf2b6ff22c23a9', description='null'}-ac-itx4z4c-shard-00-02.vzemmp8.mongodb.net:27017] INFO  org.mongodb.driver.connection - Opened connection [connectionId{localValue:3, serverValue:101502}] to ac-itx4z4c-shard-00-02.vzemmp8.mongodb.net:27017
2026-08-13 17:36:37 [cluster-ClusterId{value='6a7db34c30cf2b6ff22c23a9', description='null'}-ac-itx4z4c-shard-00-02.vzemmp8.mongodb.net:27017] INFO  org.mongodb.driver.connection - Opened connection [connectionId{localValue:4, serverValue:101502}] to ac-itx4z4c-shard-00-02.vzemmp8.mongodb.net:27017
2026-08-13 17:36:37 [cluster-rtt-ClusterId{value='6a7db34c30cf2b6ff22c23a9', description='null'}-ac-itx4z4c-shard-00-01.vzemmp8.mongodb.net:27017] INFO  org.mongodb.driver.connection - Opened connection [connectionId{localValue:6, serverValue:95564}] to ac-itx4z4c-shard-00-01.vzemmp8.mongodb.net:27017
2026-08-13 17:36:37 [cluster-ClusterId{value='6a7db34c30cf2b6ff22c23a9', description='null'}-ac-itx4z4c-shard-00-00.vzemmp8.mongodb.net:27017] INFO  org.mongodb.driver.connection - Opened connection [connectionId{localValue:1, serverValue:97396}] to ac-itx4z4c-shard-00-00.vzemmp8.mongodb.net:27017
2026-08-13 17:36:37 [cluster-ClusterId{value='6a7db34c30cf2b6ff22c23a9', description='null'}-ac-itx4z4c-shard-00-01.vzemmp8.mongodb.net:27017] INFO  org.mongodb.driver.connection - Opened connection [connectionId{localValue:5, serverValue:95564}] to ac-itx4z4c-shard-00-01.vzemmp8.mongodb.net:27017
2026-08-13 17:36:37 [cluster-ClusterId{value='6a7db34c30cf2b6ff22c23a9', description='null'}-ac-itx4z4c-shard-00-02.vzemmp8.mongodb.net:27017] INFO  org.mongodb.driver.cluster - Monitor thread successfully connected to server with description ServerDescription{address=ac-itx4z4c-shard-00-02.vzemmp8.mongodb.net:27017, type=REPLICA_SET_PRIMARY, state=CONNECTED, ok=true, minWireVersion=0, maxWireVersion=25, maxDocumentSize=16777216, logicalSessionTimeoutMinutes=30, roundTripTimeNanos=188146300, setName='atlas-qapv5b-shard-0', canonicalAddress=ac-itx4z4c-shard-00-02.vzemmp8.mongodb.net:27017, hosts=[ac-itx4z4c-shard-00-02.vzemmp8.mongodb.net:27017, ac-itx4z4c-shard-00-00.vzemmp8.mongodb.net:27017, ac-itx4z4c-shard-00-01.vzemmp8.mongodb.net:27017], passives=[], arbiters=[], primary='ac-itx4z4c-shard-00-02.vzemmp8.mongodb.net:27017', tagSet=TagSet{[Tag{name='availabilityZone', value='aps1-az2'}, Tag{name='cacheState', value='READY'}, Tag{name='diskState', value='READY'}, Tag{name='nodeType', value='ELECTABLE'}, Tag{name='provider', value='AWS'}, Tag{name='region', value='AP_SOUTH_1'}, Tag{name='workloadType', value='OPERATIONAL'}]}, electionId=7fffffff000000000000029f, setVersion=244, topologyVersion=TopologyVersion{processId=6a7a32f61f3e2c2ad063f6a0, counter=11}, lastWriteDate=Thu Aug 13 17:36:36 IST 2026, lastUpdateTimeNanos=16479200547400}
2026-08-13 17:36:37 [cluster-ClusterId{value='6a7db34c30cf2b6ff22c23a9', description='null'}-ac-itx4z4c-shard-00-00.vzemmp8.mongodb.net:27017] INFO  org.mongodb.driver.cluster - Monitor thread successfully connected to server with description ServerDescription{address=ac-itx4z4c-shard-00-00.vzemmp8.mongodb.net:27017, type=REPLICA_SET_SECONDARY, state=CONNECTED, ok=true, minWireVersion=0, maxWireVersion=25, maxDocumentSize=16777216, logicalSessionTimeoutMinutes=30, roundTripTimeNanos=178781200, setName='atlas-qapv5b-shard-0', canonicalAddress=ac-itx4z4c-shard-00-00.vzemmp8.mongodb.net:27017, hosts=[ac-itx4z4c-shard-00-02.vzemmp8.mongodb.net:27017, ac-itx4z4c-shard-00-00.vzemmp8.mongodb.net:27017, ac-itx4z4c-shard-00-01.vzemmp8.mongodb.net:27017], passives=[], arbiters=[], primary='ac-itx4z4c-shard-00-02.vzemmp8.mongodb.net:27017', tagSet=TagSet{[Tag{name='availabilityZone', value='aps1-az1'}, Tag{name='cacheState', value='READY'}, Tag{name='diskState', value='READY'}, Tag{name='nodeType', value='ELECTABLE'}, Tag{name='provider', value='AWS'}, Tag{name='region', value='AP_SOUTH_1'}, Tag{name='workloadType', value='OPERATIONAL'}]}, electionId=null, setVersion=244, topologyVersion=TopologyVersion{processId=6a7a3015ffb494b6ac6cc523, counter=15}, lastWriteDate=Thu Aug 13 17:36:36 IST 2026, lastUpdateTimeNanos=16479200547400}
2026-08-13 17:36:37 [cluster-ClusterId{value='6a7db34c30cf2b6ff22c23a9', description='null'}-ac-itx4z4c-shard-00-01.vzemmp8.mongodb.net:27017] INFO  org.mongodb.driver.cluster - Monitor thread successfully connected to server with description ServerDescription{address=ac-itx4z4c-shard-00-01.vzemmp8.mongodb.net:27017, type=REPLICA_SET_SECONDARY, state=CONNECTED, ok=true, minWireVersion=0, maxWireVersion=25, maxDocumentSize=16777216, logicalSessionTimeoutMinutes=30, roundTripTimeNanos=181989500, setName='atlas-qapv5b-shard-0', canonicalAddress=ac-itx4z4c-shard-00-01.vzemmp8.mongodb.net:27017, hosts=[ac-itx4z4c-shard-00-02.vzemmp8.mongodb.net:27017, ac-itx4z4c-shard-00-00.vzemmp8.mongodb.net:27017, ac-itx4z4c-shard-00-01.vzemmp8.mongodb.net:27017], passives=[], arbiters=[], primary='ac-itx4z4c-shard-00-02.vzemmp8.mongodb.net:27017', tagSet=TagSet{[Tag{name='availabilityZone', value='aps1-az3'}, Tag{name='cacheState', value='READY'}, Tag{name='diskState', value='READY'}, Tag{name='nodeType', value='ELECTABLE'}, Tag{name='provider', value='AWS'}, Tag{name='region', value='AP_SOUTH_1'}, Tag{name='workloadType', value='OPERATIONAL'}]}, electionId=null, setVersion=244, topologyVersion=TopologyVersion{processId=6a7a3594533da2db865c91b2, counter=5}, lastWriteDate=Thu Aug 13 17:36:36 IST 2026, lastUpdateTimeNanos=16479200644500}
2026-08-13 17:36:37 [cluster-ClusterId{value='6a7db34c30cf2b6ff22c23a9', description='null'}-ac-itx4z4c-shard-00-02.vzemmp8.mongodb.net:27017] INFO  org.mongodb.driver.cluster - Setting max election id to 7fffffff000000000000029f from replica set primary ac-itx4z4c-shard-00-02.vzemmp8.mongodb.net:27017
2026-08-13 17:36:37 [cluster-ClusterId{value='6a7db34c30cf2b6ff22c23a9', description='null'}-ac-itx4z4c-shard-00-02.vzemmp8.mongodb.net:27017] INFO  org.mongodb.driver.cluster - Setting max set version to 244 from replica set primary ac-itx4z4c-shard-00-02.vzemmp8.mongodb.net:27017
2026-08-13 17:36:37 [cluster-ClusterId{value='6a7db34c30cf2b6ff22c23a9', description='null'}-ac-itx4z4c-shard-00-02.vzemmp8.mongodb.net:27017] INFO  org.mongodb.driver.cluster - Discovered replica set primary ac-itx4z4c-shard-00-02.vzemmp8.mongodb.net:27017
2026-08-13 17:36:37 [main] INFO  org.mongodb.driver.connection - Opened connection [connectionId{localValue:7, serverValue:101422}] to ac-itx4z4c-shard-00-02.vzemmp8.mongodb.net:27017
2026-08-13 17:36:37 [main] INFO  o.s.s.web.DefaultSecurityFilterChain - Will secure any request with [org.springframework.security.web.session.DisableEncodeUrlFilter@19fbc594, org.springframework.security.web.context.request.async.WebAsyncManagerIntegrationFilter@2f4d32bf, org.springframework.security.web.context.SecurityContextPersistenceFilter@73a845cb, org.springframework.security.web.header.HeaderWriterFilter@7f22687e, org.springframework.security.web.authentication.logout.LogoutFilter@1fe8f5e8, org.springframework.security.web.authentication.www.BasicAuthenticationFilter@2d237460, org.springframework.security.web.savedrequest.RequestCacheAwareFilter@7dbae40, org.springframework.security.web.servletapi.SecurityContextHolderAwareRequestFilter@b06d46d, org.springframework.security.web.authentication.AnonymousAuthenticationFilter@774d8276, org.springframework.security.web.session.SessionManagementFilter@1bee0085, org.springframework.security.web.access.ExceptionTranslationFilter@6cc48a17, org.springframework.security.web.access.intercept.AuthorizationFilter@35563e4c]
2026-08-13 17:36:37 [main] INFO  o.a.coyote.http11.Http11NioProtocol - Starting ProtocolHandler ["http-nio-8080"]
2026-08-13 17:36:37 [main] INFO  o.s.b.w.e.tomcat.TomcatWebServer - Tomcat started on port(s): 8080 (http) with context path '/journal'
2026-08-13 17:36:37 [main] INFO  n.e.journalApp.JournalApplication - Started JournalApplication in 1.949 seconds (JVM running for 2.202)
2026-08-13 18:39:24 [http-nio-8080-exec-1] INFO  o.a.c.c.C.[.[localhost].[/journal] - Initializing Spring DispatcherServlet 'dispatcherServlet'
2026-08-13 18:39:24 [http-nio-8080-exec-1] INFO  o.s.web.servlet.DispatcherServlet - Initializing Servlet 'dispatcherServlet'
2026-08-13 18:39:24 [http-nio-8080-exec-1] INFO  o.s.web.servlet.DispatcherServlet - Completed initialization in 1 ms
2026-08-13 18:39:24 [http-nio-8080-exec-1] ERROR n.e.j.Controllers.UserController - credentials not passed properly
2026-08-13 20:49:54 [main] INFO  n.e.journalApp.JournalApplication - Starting JournalApplication using Java 25.0.1 on Ezio with PID 26844 (D:\Playground\Engineering Digest\SpringBoot\InitialAuthBasedJournal\journalApp\target\classes started by afaqa in D:\Playground\Engineering Digest\SpringBoot\InitialAuthBasedJournal)
2026-08-13 20:49:54 [main] INFO  n.e.journalApp.JournalApplication - The following 1 profile is active: "dev"
2026-08-13 20:49:55 [main] INFO  o.s.d.r.c.RepositoryConfigurationDelegate - Bootstrapping Spring Data MongoDB repositories in DEFAULT mode.
2026-08-13 20:49:55 [main] INFO  o.s.d.r.c.RepositoryConfigurationDelegate - Finished Spring Data repository scanning in 22 ms. Found 2 MongoDB repository interfaces.
2026-08-13 20:49:55 [main] INFO  o.s.b.w.e.tomcat.TomcatWebServer - Tomcat initialized with port(s): 8080 (http)
2026-08-13 20:49:55 [main] INFO  o.a.coyote.http11.Http11NioProtocol - Initializing ProtocolHandler ["http-nio-8080"]
2026-08-13 20:49:55 [main] INFO  o.a.catalina.core.StandardService - Starting service [Tomcat]
2026-08-13 20:49:55 [main] INFO  o.a.catalina.core.StandardEngine - Starting Servlet engine: [Apache Tomcat/9.0.80]
2026-08-13 20:49:55 [main] INFO  o.a.c.c.C.[.[localhost].[/journal] - Initializing Spring embedded WebApplicationContext
2026-08-13 20:49:55 [main] INFO  o.s.b.w.s.c.ServletWebServerApplicationContext - Root WebApplicationContext: initialization completed in 663 ms
2026-08-13 20:49:55 [main] INFO  org.mongodb.driver.client - MongoClient with metadata {"driver": {"name": "mongo-java-driver|sync|spring-boot", "version": "4.6.1"}, "os": {"type": "Windows", "name": "Windows 11", "architecture": "amd64", "version": "10.0"}, "platform": "Java/Oracle Corporation/25.0.1+8-27", "application": {"name": "Cluster0"}} created with settings MongoClientSettings{readPreference=primary, writeConcern=WriteConcern{w=null, wTimeout=null ms, journal=null}, retryWrites=true, retryReads=true, readConcern=ReadConcern{level=null}, credential=MongoCredential{mechanism=null, userName='afaqalam323_db_user', source='admin', password=<hidden>, mechanismProperties=<hidden>}, streamFactoryFactory=null, commandListeners=[], codecRegistry=ProvidersCodecRegistry{codecProviders=[ValueCodecProvider{}, BsonValueCodecProvider{}, DBRefCodecProvider{}, DBObjectCodecProvider{}, DocumentCodecProvider{}, IterableCodecProvider{}, MapCodecProvider{}, GeoJsonCodecProvider{}, GridFSFileCodecProvider{}, Jsr310CodecProvider{}, JsonObjectCodecProvider{}, BsonCodecProvider{}, EnumCodecProvider{}, com.mongodb.Jep395RecordCodecProvider@14c93774]}, clusterSettings={hosts=[127.0.0.1:27017], srvHost=cluster0.vzemmp8.mongodb.net, srvServiceName=mongodb, mode=MULTIPLE, requiredClusterType=REPLICA_SET, requiredReplicaSetName='atlas-qapv5b-shard-0', serverSelector='null', clusterListeners='[]', serverSelectionTimeout='30000 ms', localThreshold='30000 ms'}, socketSettings=SocketSettings{connectTimeoutMS=10000, readTimeoutMS=0, receiveBufferSize=0, sendBufferSize=0}, heartbeatSocketSettings=SocketSettings{connectTimeoutMS=10000, readTimeoutMS=10000, receiveBufferSize=0, sendBufferSize=0}, connectionPoolSettings=ConnectionPoolSettings{maxSize=100, minSize=0, maxWaitTimeMS=120000, maxConnectionLifeTimeMS=0, maxConnectionIdleTimeMS=0, maintenanceInitialDelayMS=0, maintenanceFrequencyMS=60000, connectionPoolListeners=[], maxConnecting=2}, serverSettings=ServerSettings{heartbeatFrequencyMS=10000, minHeartbeatFrequencyMS=500, serverListeners='[]', serverMonitorListeners='[]'}, sslSettings=SslSettings{enabled=true, invalidHostNameAllowed=false, context=null}, applicationName='Cluster0', compressorList=[], uuidRepresentation=JAVA_LEGACY, serverApi=null, autoEncryptionSettings=null, contextProvider=null}
2026-08-13 20:49:55 [main] INFO  org.mongodb.driver.cluster - Cluster description not yet available. Waiting for 30000 ms before timing out
2026-08-13 20:49:55 [cluster-ClusterId{value='6a7de09bb5a9ee468d7a5a8e', description='null'}-srv-cluster0.vzemmp8.mongodb.net] INFO  org.mongodb.driver.cluster - Adding discovered server ac-itx4z4c-shard-00-00.vzemmp8.mongodb.net:27017 to client view of cluster
2026-08-13 20:49:55 [cluster-ClusterId{value='6a7de09bb5a9ee468d7a5a8e', description='null'}-srv-cluster0.vzemmp8.mongodb.net] INFO  org.mongodb.driver.cluster - Adding discovered server ac-itx4z4c-shard-00-02.vzemmp8.mongodb.net:27017 to client view of cluster
2026-08-13 20:49:55 [cluster-ClusterId{value='6a7de09bb5a9ee468d7a5a8e', description='null'}-srv-cluster0.vzemmp8.mongodb.net] INFO  org.mongodb.driver.cluster - Adding discovered server ac-itx4z4c-shard-00-01.vzemmp8.mongodb.net:27017 to client view of cluster
2026-08-13 20:49:55 [main] INFO  org.mongodb.driver.cluster - No server chosen by com.mongodb.client.internal.MongoClientDelegate$1@7dee835 from cluster description ClusterDescription{type=REPLICA_SET, connectionMode=MULTIPLE, serverDescriptions=[ServerDescription{address=ac-itx4z4c-shard-00-00.vzemmp8.mongodb.net:27017, type=UNKNOWN, state=CONNECTING}, ServerDescription{address=ac-itx4z4c-shard-00-01.vzemmp8.mongodb.net:27017, type=UNKNOWN, state=CONNECTING}, ServerDescription{address=ac-itx4z4c-shard-00-02.vzemmp8.mongodb.net:27017, type=UNKNOWN, state=CONNECTING}]}. Waiting for 30000 ms before timing out
2026-08-13 20:49:56 [cluster-ClusterId{value='6a7de09bb5a9ee468d7a5a8e', description='null'}-ac-itx4z4c-shard-00-01.vzemmp8.mongodb.net:27017] INFO  org.mongodb.driver.connection - Opened connection [connectionId{localValue:3, serverValue:100464}] to ac-itx4z4c-shard-00-01.vzemmp8.mongodb.net:27017
2026-08-13 20:49:56 [cluster-ClusterId{value='6a7de09bb5a9ee468d7a5a8e', description='null'}-ac-itx4z4c-shard-00-00.vzemmp8.mongodb.net:27017] INFO  org.mongodb.driver.connection - Opened connection [connectionId{localValue:6, serverValue:102374}] to ac-itx4z4c-shard-00-00.vzemmp8.mongodb.net:27017
2026-08-13 20:49:56 [cluster-ClusterId{value='6a7de09bb5a9ee468d7a5a8e', description='null'}-ac-itx4z4c-shard-00-01.vzemmp8.mongodb.net:27017] INFO  org.mongodb.driver.cluster - Monitor thread successfully connected to server with description ServerDescription{address=ac-itx4z4c-shard-00-01.vzemmp8.mongodb.net:27017, type=REPLICA_SET_SECONDARY, state=CONNECTED, ok=true, minWireVersion=0, maxWireVersion=25, maxDocumentSize=16777216, logicalSessionTimeoutMinutes=30, roundTripTimeNanos=153864200, setName='atlas-qapv5b-shard-0', canonicalAddress=ac-itx4z4c-shard-00-01.vzemmp8.mongodb.net:27017, hosts=[ac-itx4z4c-shard-00-02.vzemmp8.mongodb.net:27017, ac-itx4z4c-shard-00-00.vzemmp8.mongodb.net:27017, ac-itx4z4c-shard-00-01.vzemmp8.mongodb.net:27017], passives=[], arbiters=[], primary='ac-itx4z4c-shard-00-02.vzemmp8.mongodb.net:27017', tagSet=TagSet{[Tag{name='availabilityZone', value='aps1-az3'}, Tag{name='cacheState', value='READY'}, Tag{name='diskState', value='READY'}, Tag{name='nodeType', value='ELECTABLE'}, Tag{name='provider', value='AWS'}, Tag{name='region', value='AP_SOUTH_1'}, Tag{name='workloadType', value='OPERATIONAL'}]}, electionId=null, setVersion=244, topologyVersion=TopologyVersion{processId=6a7a3594533da2db865c91b2, counter=5}, lastWriteDate=Thu Aug 13 20:49:56 IST 2026, lastUpdateTimeNanos=28078604530900}
2026-08-13 20:49:56 [cluster-ClusterId{value='6a7de09bb5a9ee468d7a5a8e', description='null'}-ac-itx4z4c-shard-00-02.vzemmp8.mongodb.net:27017] INFO  org.mongodb.driver.connection - Opened connection [connectionId{localValue:2, serverValue:106748}] to ac-itx4z4c-shard-00-02.vzemmp8.mongodb.net:27017
2026-08-13 20:49:56 [cluster-ClusterId{value='6a7de09bb5a9ee468d7a5a8e', description='null'}-ac-itx4z4c-shard-00-02.vzemmp8.mongodb.net:27017] INFO  org.mongodb.driver.cluster - Monitor thread successfully connected to server with description ServerDescription{address=ac-itx4z4c-shard-00-02.vzemmp8.mongodb.net:27017, type=REPLICA_SET_PRIMARY, state=CONNECTED, ok=true, minWireVersion=0, maxWireVersion=25, maxDocumentSize=16777216, logicalSessionTimeoutMinutes=30, roundTripTimeNanos=183804900, setName='atlas-qapv5b-shard-0', canonicalAddress=ac-itx4z4c-shard-00-02.vzemmp8.mongodb.net:27017, hosts=[ac-itx4z4c-shard-00-02.vzemmp8.mongodb.net:27017, ac-itx4z4c-shard-00-00.vzemmp8.mongodb.net:27017, ac-itx4z4c-shard-00-01.vzemmp8.mongodb.net:27017], passives=[], arbiters=[], primary='ac-itx4z4c-shard-00-02.vzemmp8.mongodb.net:27017', tagSet=TagSet{[Tag{name='availabilityZone', value='aps1-az2'}, Tag{name='cacheState', value='READY'}, Tag{name='diskState', value='READY'}, Tag{name='nodeType', value='ELECTABLE'}, Tag{name='provider', value='AWS'}, Tag{name='region', value='AP_SOUTH_1'}, Tag{name='workloadType', value='OPERATIONAL'}]}, electionId=7fffffff000000000000029f, setVersion=244, topologyVersion=TopologyVersion{processId=6a7a32f61f3e2c2ad063f6a0, counter=11}, lastWriteDate=Thu Aug 13 20:49:56 IST 2026, lastUpdateTimeNanos=28078604530900}
2026-08-13 20:49:56 [cluster-rtt-ClusterId{value='6a7de09bb5a9ee468d7a5a8e', description='null'}-ac-itx4z4c-shard-00-00.vzemmp8.mongodb.net:27017] INFO  org.mongodb.driver.connection - Opened connection [connectionId{localValue:4, serverValue:102374}] to ac-itx4z4c-shard-00-00.vzemmp8.mongodb.net:27017
2026-08-13 20:49:56 [cluster-ClusterId{value='6a7de09bb5a9ee468d7a5a8e', description='null'}-ac-itx4z4c-shard-00-00.vzemmp8.mongodb.net:27017] INFO  org.mongodb.driver.cluster - Monitor thread successfully connected to server with description ServerDescription{address=ac-itx4z4c-shard-00-00.vzemmp8.mongodb.net:27017, type=REPLICA_SET_SECONDARY, state=CONNECTED, ok=true, minWireVersion=0, maxWireVersion=25, maxDocumentSize=16777216, logicalSessionTimeoutMinutes=30, roundTripTimeNanos=192493700, setName='atlas-qapv5b-shard-0', canonicalAddress=ac-itx4z4c-shard-00-00.vzemmp8.mongodb.net:27017, hosts=[ac-itx4z4c-shard-00-02.vzemmp8.mongodb.net:27017, ac-itx4z4c-shard-00-00.vzemmp8.mongodb.net:27017, ac-itx4z4c-shard-00-01.vzemmp8.mongodb.net:27017], passives=[], arbiters=[], primary='ac-itx4z4c-shard-00-02.vzemmp8.mongodb.net:27017', tagSet=TagSet{[Tag{name='availabilityZone', value='aps1-az1'}, Tag{name='cacheState', value='READY'}, Tag{name='diskState', value='READY'}, Tag{name='nodeType', value='ELECTABLE'}, Tag{name='provider', value='AWS'}, Tag{name='region', value='AP_SOUTH_1'}, Tag{name='workloadType', value='OPERATIONAL'}]}, electionId=null, setVersion=244, topologyVersion=TopologyVersion{processId=6a7a3015ffb494b6ac6cc523, counter=15}, lastWriteDate=Thu Aug 13 20:49:56 IST 2026, lastUpdateTimeNanos=28078604531000}
2026-08-13 20:49:56 [cluster-rtt-ClusterId{value='6a7de09bb5a9ee468d7a5a8e', description='null'}-ac-itx4z4c-shard-00-02.vzemmp8.mongodb.net:27017] INFO  org.mongodb.driver.connection - Opened connection [connectionId{localValue:5, serverValue:106653}] to ac-itx4z4c-shard-00-02.vzemmp8.mongodb.net:27017
2026-08-13 20:49:56 [cluster-rtt-ClusterId{value='6a7de09bb5a9ee468d7a5a8e', description='null'}-ac-itx4z4c-shard-00-01.vzemmp8.mongodb.net:27017] INFO  org.mongodb.driver.connection - Opened connection [connectionId{localValue:1, serverValue:100464}] to ac-itx4z4c-shard-00-01.vzemmp8.mongodb.net:27017
2026-08-13 20:49:56 [cluster-ClusterId{value='6a7de09bb5a9ee468d7a5a8e', description='null'}-ac-itx4z4c-shard-00-02.vzemmp8.mongodb.net:27017] INFO  org.mongodb.driver.cluster - Setting max election id to 7fffffff000000000000029f from replica set primary ac-itx4z4c-shard-00-02.vzemmp8.mongodb.net:27017
2026-08-13 20:49:56 [cluster-ClusterId{value='6a7de09bb5a9ee468d7a5a8e', description='null'}-ac-itx4z4c-shard-00-02.vzemmp8.mongodb.net:27017] INFO  org.mongodb.driver.cluster - Setting max set version to 244 from replica set primary ac-itx4z4c-shard-00-02.vzemmp8.mongodb.net:27017
2026-08-13 20:49:56 [cluster-ClusterId{value='6a7de09bb5a9ee468d7a5a8e', description='null'}-ac-itx4z4c-shard-00-02.vzemmp8.mongodb.net:27017] INFO  org.mongodb.driver.cluster - Discovered replica set primary ac-itx4z4c-shard-00-02.vzemmp8.mongodb.net:27017
2026-08-13 20:49:56 [main] INFO  org.mongodb.driver.connection - Opened connection [connectionId{localValue:7, serverValue:106716}] to ac-itx4z4c-shard-00-02.vzemmp8.mongodb.net:27017
2026-08-13 20:49:56 [main] INFO  o.s.s.web.DefaultSecurityFilterChain - Will secure any request with [org.springframework.security.web.session.DisableEncodeUrlFilter@74697863, org.springframework.security.web.context.request.async.WebAsyncManagerIntegrationFilter@7d7ceca8, org.springframework.security.web.context.SecurityContextPersistenceFilter@1c1fa494, org.springframework.security.web.header.HeaderWriterFilter@72af90e8, org.springframework.security.web.authentication.logout.LogoutFilter@7ac058a0, org.springframework.security.web.authentication.www.BasicAuthenticationFilter@5d2a86c0, org.springframework.security.web.savedrequest.RequestCacheAwareFilter@649b5891, org.springframework.security.web.servletapi.SecurityContextHolderAwareRequestFilter@615439f7, org.springframework.security.web.authentication.AnonymousAuthenticationFilter@2bba35ef, org.springframework.security.web.session.SessionManagementFilter@150fc7a7, org.springframework.security.web.access.ExceptionTranslationFilter@76e4212, org.springframework.security.web.access.intercept.AuthorizationFilter@341c6ac2]
2026-08-13 20:49:56 [main] INFO  o.a.coyote.http11.Http11NioProtocol - Starting ProtocolHandler ["http-nio-8080"]
2026-08-13 20:49:56 [main] INFO  o.s.b.w.e.tomcat.TomcatWebServer - Tomcat started on port(s): 8080 (http) with context path '/journal'
2026-08-13 20:49:56 [main] INFO  n.e.journalApp.JournalApplication - Started JournalApplication in 2.083 seconds (JVM running for 2.456)
